J,I,K,rep,seed_service,seed_lateness,method,algorithm_class,timing_scope,validated_obj,runtime_sec,budget_sec,validation_status,protocol_pass,test_K,test_mean_direct,test_p95_direct,test_direct_exceed_rate,test_mean_indirect,test_p95_indirect,test_indirect_exceed_rate,cuts_added,total_scenario_screens,num_vars,num_constrs,num_genconstrs
8,8,100,0,12065,12066,DE-MILP,exact formulation/decomposition,joint sequence-and-time optimization,6.981675898181692,115.10454273223877,120.0,PASS,1,1000,0.3414334538865231,1.5003121432173052,0.0127,0.01962027298348922,0.09793153380396175,0.0,0.0,0.0,19464.0,11587.0,39600.0
8,8,100,0,12065,12066,LBBD,exact formulation/decomposition,joint sequence-and-time optimization,6.365625416765539,120.09366655349731,120.0,PASS,1,1000,0.3307905828715508,1.5227326560226122,0.0139,0.0,0.0,0.0,13600.0,1500.0,17064.0,17001.0,4000.0
8,8,100,0,12065,12066,CBBD,exact formulation/decomposition,joint sequence-and-time optimization,6.365625416765539,120.24122190475464,120.0,PASS,1,1000,0.3307905828715508,1.5227326560226122,0.0139,0.0,0.0,0.0,3440.0,890.0,17064.0,17001.0,4000.0
8,8,100,0,12065,12066,K-BRKGA,independent heuristic comparator,fixed stable slots,8.32328152588174,1.685887098312378,120.0,PASS,not_applicable,1000,0.4282706714207962,1.9206215068373393,0.0238,0.0,0.0,0.0,nan,nan,nan,nan,nan
8,8,100,1,12165,12166,DE-MILP,exact formulation/decomposition,joint sequence-and-time optimization,6.8590491683571315,115.27795934677124,120.0,PASS,1,1000,0.33294733046573183,1.4894597237985518,0.01375,0.04420879741571251,0.3694037358448673,0.0,0.0,0.0,19464.0,11587.0,39600.0
8,8,100,1,12165,12166,LBBD,exact formulation/decomposition,joint sequence-and-time optimization,6.498363820233209,120.10019588470459,120.0,PASS,1,1000,0.3332505467270786,1.5253184579617338,0.015,0.0,0.0,0.0,15800.0,1500.0,17064.0,17001.0,4000.0
8,8,100,1,12165,12166,CBBD,exact formulation/decomposition,joint sequence-and-time optimization,6.498363820233209,120.25029587745667,120.0,PASS,1,1000,0.3332505467270786,1.5253184579617338,0.015,0.0,0.0,0.0,2920.0,710.0,17064.0,17001.0,4000.0
8,8,100,1,12165,12166,K-BRKGA,independent heuristic comparator,fixed stable slots,8.389270081913082,1.5537834167480469,120.0,PASS,not_applicable,1000,0.4304564472115184,1.9427342619287054,0.02465,0.0,0.0,0.0,nan,nan,nan,nan,nan
8,8,100,2,12265,12266,DE-MILP,exact formulation/decomposition,joint sequence-and-time optimization,6.757749658328379,115.10740423202515,120.0,PASS,1,1000,0.33234284989103774,1.5239820975896115,0.0132,0.04554470523962767,0.34594079064614097,0.0,0.0,0.0,19464.0,11587.0,39600.0
8,8,100,2,12265,12266,LBBD,exact formulation/decomposition,joint sequence-and-time optimization,6.40796172165021,120.11188125610352,120.0,PASS,1,1000,0.33932286423559865,1.5802794741083774,0.01555,0.0,0.0,0.0,14200.0,1900.0,17064.0,17001.0,4000.0
8,8,100,2,12265,12266,CBBD,exact formulation/decomposition,joint sequence-and-time optimization,6.40796172165021,120.0647521018982,120.0,PASS,1,1000,0.33932286423559865,1.5802794741083774,0.01555,0.0,0.0,0.0,2960.0,1000.0,17064.0,17001.0,4000.0
8,8,100,2,12265,12266,K-BRKGA,independent heuristic comparator,fixed stable slots,8.318964334615274,1.6411244869232178,120.0,PASS,not_applicable,1000,0.4360475338312218,1.9449944041701996,0.02535,0.0,0.0,0.0,nan,nan,nan,nan,nan
8,8,100,3,12365,12366,DE-MILP,exact formulation/decomposition,joint sequence-and-time optimization,6.098840880532549,115.10956072807312,120.0,PASS,1,1000,0.31253704158879175,1.5791960780961678,0.0135,0.04575985420143931,0.36319191332432366,0.0,0.0,0.0,19464.0,11587.0,39600.0
8,8,100,3,12365,12366,LBBD,exact formulation/decomposition,joint sequence-and-time optimization,6.289657882527379,120.09168887138367,120.0,PASS,1,1000,0.3315015948169932,1.5548963099010344,0.01465,0.0,0.0,0.0,10200.0,1300.0,17064.0,17001.0,4000.0
8,8,100,3,12365,12366,CBBD,exact formulation/decomposition,joint sequence-and-time optimization,6.289657882527379,120.22076416015625,120.0,PASS,1,1000,0.3315015948169932,1.5548963099010344,0.01465,0.0,0.0,0.0,2540.0,780.0,17064.0,17001.0,4000.0
8,8,100,3,12365,12366,K-BRKGA,independent heuristic comparator,fixed stable slots,8.213051678496313,1.6205036640167236,120.0,PASS,not_applicable,1000,0.4280196147398081,1.9614472229460889,0.0239,0.0,0.0,0.0,nan,nan,nan,nan,nan
8,8,100,4,12465,12466,DE-MILP,exact formulation/decomposition,joint sequence-and-time optimization,6.334079119434932,115.07600259780884,120.0,PASS,1,1000,0.31767042095193004,1.4866374261747854,0.01245,0.035106195953800906,0.26186922002006513,0.0,0.0,0.0,19464.0,11587.0,39600.0
8,8,100,4,12465,12466,LBBD,exact formulation/decomposition,joint sequence-and-time optimization,6.327214212317571,120.08658981323242,120.0,PASS,1,1000,0.3178404382065364,1.4848156609043148,0.01235,0.03915380248779068,0.29613490334905207,0.0,25000.0,3000.0,17064.0,17001.0,4000.0
8,8,100,4,12465,12466,CBBD,exact formulation/decomposition,joint sequence-and-time optimization,6.384671610416632,120.06955528259277,120.0,PASS,1,1000,0.3196418503751853,1.5045158119950426,0.01285,0.02160325092994037,0.12485466466718265,0.0,3560.0,1490.0,17064.0,17001.0,4000.0
8,8,100,4,12465,12466,K-BRKGA,independent heuristic comparator,fixed stable slots,8.459668348994242,1.5323116779327393,120.0,PASS,not_applicable,1000,0.43355783001699366,1.9463435295666853,0.023,0.0,0.0,0.0,nan,nan,nan,nan,nan
8,8,100,5,12565,12566,DE-MILP,exact formulation/decomposition,joint sequence-and-time optimization,6.024281846922307,115.16935920715332,120.0,PASS,1,1000,0.3185941545736002,1.5058503179572063,0.01335,0.04151379153334535,0.3181040015558126,0.0,0.0,0.0,19464.0,11587.0,39600.0
8,8,100,5,12565,12566,LBBD,exact formulation/decomposition,joint sequence-and-time optimization,6.141614487833223,117.35715365409851,120.0,PASS,1,1000,0.34079199819024997,1.5725459310785215,0.01475,0.0,0.0,0.0,11400.0,1400.0,17064.0,17001.0,4000.0
8,8,100,5,12565,12566,CBBD,exact formulation/decomposition,joint sequence-and-time optimization,6.141614487833223,120.07578754425049,120.0,PASS,1,1000,0.34079199819024997,1.5725459310785215,0.01475,0.0,0.0,0.0,3580.0,1010.0,17064.0,17001.0,4000.0
8,8,100,5,12565,12566,K-BRKGA,independent heuristic comparator,fixed stable slots,8.018033965038342,1.4963669776916504,120.0,PASS,not_applicable,1000,0.4390314583430088,1.9714739919217146,0.0257,0.0,0.0,0.0,nan,nan,nan,nan,nan
8,8,100,6,12665,12666,DE-MILP,exact formulation/decomposition,joint sequence-and-time optimization,6.15395263839298,115.20723271369934,120.0,PASS,1,1000,0.33701440423822704,1.5112182918389467,0.01405,0.0390822932607143,0.3083263846609715,0.0,0.0,0.0,19464.0,11587.0,39600.0
8,8,100,6,12665,12666,LBBD,exact formulation/decomposition,joint sequence-and-time optimization,6.202053500745507,116.88471722602844,120.0,PASS,1,1000,0.3369157997507109,1.5604620332414871,0.01545,0.0,0.0,0.0,12000.0,1300.0,17064.0,17001.0,4000.0
8,8,100,6,12665,12666,CBBD,exact formulation/decomposition,joint sequence-and-time optimization,5.938227518071656,114.32497930526733,120.0,PASS,1,1000,0.3242143904442795,1.5718317255553123,0.01455,0.031923288528051645,0.24108832195384702,0.0,1740.0,1630.0,17064.0,17001.0,4000.0
8,8,100,6,12665,12666,K-BRKGA,independent heuristic comparator,fixed stable slots,8.130051597588789,1.455622673034668,120.0,PASS,not_applicable,1000,0.43373052697060366,1.959506153268472,0.0252,0.0,0.0,0.0,nan,nan,nan,nan,nan
8,8,100,7,12765,12766,DE-MILP,exact formulation/decomposition,joint sequence-and-time optimization,6.42477899333754,115.1327896118164,120.0,PASS,1,1000,0.3172989709343606,1.5007449994315052,0.0122,0.050211864207668745,0.3646777025338871,0.0,0.0,0.0,19464.0,11587.0,39600.0
8,8,100,7,12765,12766,LBBD,exact formulation/decomposition,joint sequence-and-time optimization,6.416302987783581,120.09495139122009,120.0,PASS,1,1000,0.3316512129773256,1.5469563248989742,0.01375,0.0,0.0,0.0,11600.0,2300.0,17064.0,17001.0,4000.0
8,8,100,7,12765,12766,CBBD,exact formulation/decomposition,joint sequence-and-time optimization,6.416302987783581,111.23816275596619,120.0,PASS,1,1000,0.3316512129773256,1.5469563248989742,0.01375,0.0,0.0,0.0,4020.0,1560.0,17064.0,17001.0,4000.0
8,8,100,7,12765,12766,K-BRKGA,independent heuristic comparator,fixed stable slots,8.346307174442188,1.5294349193572998,120.0,PASS,not_applicable,1000,0.42774502203389275,1.9272521089356247,0.02255,0.0,0.0,0.0,nan,nan,nan,nan,nan
8,8,100,8,12865,12866,DE-MILP,exact formulation/decomposition,joint sequence-and-time optimization,6.207179204128977,115.0924723148346,120.0,PASS,1,1000,0.31880596335753486,1.4711234865019736,0.0122,0.0504375952314014,0.3948861847309286,0.0,0.0,0.0,19464.0,11587.0,39600.0
8,8,100,8,12865,12866,LBBD,exact formulation/decomposition,joint sequence-and-time optimization,6.205743059029899,111.84455013275146,120.0,PASS,1,1000,0.33386701626570703,1.54083080376302,0.0136,0.0,0.0,0.0,23384.0,2900.0,17064.0,17001.0,4000.0
8,8,100,8,12865,12866,CBBD,exact formulation/decomposition,joint sequence-and-time optimization,6.205743059029899,120.09868311882019,120.0,PASS,1,1000,0.33386701626570703,1.54083080376302,0.0136,0.0,0.0,0.0,3580.0,1360.0,17064.0,17001.0,4000.0
8,8,100,8,12865,12866,K-BRKGA,independent heuristic comparator,fixed stable slots,8.106462809899043,1.4709265232086182,120.0,PASS,not_applicable,1000,0.4294035407856185,1.913566867194382,0.02185,0.0,0.0,0.0,nan,nan,nan,nan,nan
8,8,100,9,12965,12966,DE-MILP,exact formulation/decomposition,joint sequence-and-time optimization,6.657407460948235,115.10698819160461,120.0,PASS,1,1000,0.31399807833386384,1.4911128910788551,0.01155,0.05445430138291335,0.40408558162335456,0.0,0.0,0.0,19464.0,11587.0,39600.0
8,8,100,9,12965,12966,LBBD,exact formulation/decomposition,joint sequence-and-time optimization,6.353781120603699,120.19692468643188,120.0,PASS,1,1000,0.33601493124449117,1.5950837995053637,0.0144,0.0,0.0,0.0,16600.0,2300.0,17064.0,17001.0,4000.0
8,8,100,9,12965,12966,CBBD,exact formulation/decomposition,joint sequence-and-time optimization,6.353781120603699,120.06950831413269,120.0,PASS,1,1000,0.33601493124449117,1.5950837995053637,0.0144,0.0,0.0,0.0,3880.0,2220.0,17064.0,17001.0,4000.0
8,8,100,9,12965,12966,K-BRKGA,independent heuristic comparator,fixed stable slots,8.251782648056661,1.594773530960083,120.0,PASS,not_applicable,1000,0.4328758993019633,1.9506398920495862,0.0245,0.0,0.0,0.0,nan,nan,nan,nan,nan
12,12,100,0,12065,12066,DE-MILP,exact formulation/decomposition,joint sequence-and-time optimization,11.806538174826443,115.40728330612183,120.0,PASS,1,1000,0.39073526827686944,1.5412940183470552,0.015266666666666666,0.00030580591970934723,0.0,0.0,0.0,0.0,29340.0,17526.0,86100.0
12,12,100,0,12065,12066,LBBD,exact formulation/decomposition,joint sequence-and-time optimization,8.752982136189132,118.54970693588257,120.0,PASS,1,1000,0.3293308062879013,1.4612039298095585,0.0116,0.0,0.0,0.0,10000.0,1500.0,25740.0,25647.0,6000.0
12,12,100,0,12065,12066,CBBD,exact formulation/decomposition,joint sequence-and-time optimization,8.752982136189132,120.13660192489624,120.0,PASS,1,1000,0.3293308062879013,1.4612039298095585,0.0116,0.0,0.0,0.0,4480.0,900.0,25740.0,25647.0,6000.0
12,12,100,0,12065,12066,K-BRKGA,independent heuristic comparator,fixed stable slots,12.481735198323264,2.6448898315429688,120.0,PASS,not_applicable,1000,0.45861325636116124,1.7345922098022921,0.019833333333333335,0.0,0.0,0.0,nan,nan,nan,nan,nan
12,12,100,1,12165,12166,DE-MILP,exact formulation/decomposition,joint sequence-and-time optimization,12.548401619079925,115.28739786148071,120.0,PASS,1,1000,0.42961682695101844,1.690528290702529,0.01863333333333333,0.0032671559760881186,0.0,0.0,0.0,0.0,29340.0,17526.0,86100.0
12,12,100,1,12165,12166,LBBD,exact formulation/decomposition,joint sequence-and-time optimization,8.932107883803155,120.0990879535675,120.0,PASS,1,1000,0.3389762563241802,1.4836137701913994,0.012,0.0,0.0,0.0,6000.0,900.0,25740.0,25647.0,6000.0
12,12,100,1,12165,12166,CBBD,exact formulation/decomposition,joint sequence-and-time optimization,8.932107883803155,114.75396585464478,120.0,PASS,1,1000,0.3389762563241802,1.4836137701913994,0.012,0.0,0.0,0.0,3120.0,890.0,25740.0,25647.0,6000.0
12,12,100,1,12165,12166,K-BRKGA,independent heuristic comparator,fixed stable slots,12.628457038236604,2.059915781021118,120.0,PASS,not_applicable,1000,0.47062607878502577,1.7718690327876943,0.0207,0.0,0.0,0.0,nan,nan,nan,nan,nan
12,12,100,2,12265,12266,DE-MILP,exact formulation/decomposition,joint sequence-and-time optimization,12.353404266518709,115.09335446357727,120.0,PASS,1,1000,0.4145490382021825,1.646593055256647,0.0179,0.016796948603744352,0.09178953684858467,0.0,0.0,0.0,29340.0,17526.0,86100.0
12,12,100,2,12265,12266,LBBD,exact formulation/decomposition,joint sequence-and-time optimization,8.15298009259567,120.12803530693054,120.0,PASS,1,1000,0.33293639499430927,1.4721970008042882,0.0137,0.0,0.0,0.0,11400.0,1500.0,25740.0,25647.0,6000.0
12,12,100,2,12265,12266,CBBD,exact formulation/decomposition,joint sequence-and-time optimization,8.15298009259567,120.10657334327698,120.0,PASS,1,1000,0.33293639499430927,1.4721970008042882,0.0137,0.0,0.0,0.0,4440.0,1300.0,25740.0,25647.0,6000.0
12,12,100,2,12265,12266,K-BRKGA,independent heuristic comparator,fixed stable slots,11.812636185524696,2.552332639694214,120.0,PASS,not_applicable,1000,0.46357071494624064,1.763803819108206,0.022066666666666665,0.0,0.0,0.0,nan,nan,nan,nan,nan
12,12,100,3,12365,12366,DE-MILP,exact formulation/decomposition,joint sequence-and-time optimization,12.305947783993616,115.12573146820068,120.0,PASS,1,1000,0.41280069039001765,1.6370732370668906,0.017766666666666667,0.00012428501369871035,0.0,0.0,0.0,0.0,29340.0,17526.0,86100.0
12,12,100,3,12365,12366,LBBD,exact formulation/decomposition,joint sequence-and-time optimization,8.76840568129964,120.20413994789124,120.0,PASS,1,1000,0.3400644256515647,1.4840598911981058,0.0131,0.0,0.0,0.0,8000.0,1800.0,25740.0,25647.0,6000.0
12,12,100,3,12365,12366,CBBD,exact formulation/decomposition,joint sequence-and-time optimization,8.76840568129964,120.09765386581421,120.0,PASS,1,1000,0.3400644256515647,1.4840598911981058,0.0131,0.0,0.0,0.0,3500.0,990.0,25740.0,25647.0,6000.0
12,12,100,3,12365,12366,K-BRKGA,independent heuristic comparator,fixed stable slots,12.486629533246088,2.3011281490325928,120.0,PASS,not_applicable,1000,0.47070486586269994,1.7967154722948824,0.021666666666666667,0.0,0.0,0.0,nan,nan,nan,nan,nan
12,12,100,4,12465,12466,DE-MILP,exact formulation/decomposition,joint sequence-and-time optimization,11.7103570971951,115.15012574195862,120.0,PASS,1,1000,0.374587112931633,1.5044896421444818,0.013566666666666666,0.014705750209563856,0.0,0.0,0.0,0.0,29340.0,17526.0,86100.0
12,12,100,4,12465,12466,LBBD,exact formulation/decomposition,joint sequence-and-time optimization,9.041254129110058,120.10140872001648,120.0,PASS,1,1000,0.33103496737576776,1.4807784264418786,0.0126,0.00023101443028387397,0.0,0.0,8400.0,1400.0,25740.0,25647.0,6000.0
12,12,100,4,12465,12466,CBBD,exact formulation/decomposition,joint sequence-and-time optimization,9.041254129110058,120.11691880226135,120.0,PASS,1,1000,0.33103496737576776,1.4807784264418786,0.0126,0.00023101443028387397,0.0,0.0,3760.0,1180.0,25740.0,25647.0,6000.0
12,12,100,4,12465,12466,K-BRKGA,independent heuristic comparator,fixed stable slots,12.942839424544644,3.12408185005188,120.0,PASS,not_applicable,1000,0.45961260322820063,1.7291876074163812,0.0203,0.0,0.0,0.0,nan,nan,nan,nan,nan
12,12,100,5,12565,12566,DE-MILP,exact formulation/decomposition,joint sequence-and-time optimization,12.330711254635474,115.67640781402588,120.0,PASS,1,1000,0.40221791815454455,1.6167921189964776,0.015033333333333333,0.00012314136701835446,0.0,0.0,0.0,0.0,29340.0,17526.0,86100.0
12,12,100,5,12565,12566,LBBD,exact formulation/decomposition,joint sequence-and-time optimization,9.032391985722938,112.41676807403564,120.0,PASS,1,1000,0.3301775731303355,1.487887347796956,0.012166666666666666,0.00023703195813971708,0.0,0.0,10400.0,1400.0,25740.0,25647.0,6000.0
12,12,100,5,12565,12566,CBBD,exact formulation/decomposition,joint sequence-and-time optimization,9.032391985722938,111.43474411964417,120.0,PASS,1,1000,0.3301775731303355,1.487887347796956,0.012166666666666666,0.00023703195813971708,0.0,0.0,3180.0,1180.0,25740.0,25647.0,6000.0
12,12,100,5,12565,12566,K-BRKGA,independent heuristic comparator,fixed stable slots,12.89106740486747,2.485229969024658,120.0,PASS,not_applicable,1000,0.4614794013954104,1.7705750909578697,0.020666666666666667,0.0,0.0,0.0,nan,nan,nan,nan,nan
12,12,100,6,12665,12666,DE-MILP,exact formulation/decomposition,joint sequence-and-time optimization,11.721545839925625,115.36140942573547,120.0,PASS,1,1000,0.3978105762722245,1.5783086954425705,0.015633333333333332,0.007357996806154936,0.0,0.0,0.0,0.0,29340.0,17526.0,86100.0
12,12,100,6,12665,12666,LBBD,exact formulation/decomposition,joint sequence-and-time optimization,8.90840752979068,120.0690529346466,120.0,PASS,1,1000,0.32459975754650067,1.4520093147271418,0.011666666666666667,0.00022260541347254165,0.0,0.0,8238.0,800.0,25740.0,25647.0,6000.0
12,12,100,6,12665,12666,CBBD,exact formulation/decomposition,joint sequence-and-time optimization,8.90840752979068,110.7096176147461,120.0,PASS,1,1000,0.32459975754650067,1.4520093147271418,0.011666666666666667,0.00022260541347254165,0.0,0.0,1926.0,650.0,25740.0,25647.0,6000.0
12,12,100,6,12665,12666,K-BRKGA,independent heuristic comparator,fixed stable slots,12.657296273879581,3.0016684532165527,120.0,PASS,not_applicable,1000,0.4535121807984685,1.723059560982898,0.0198,0.0,0.0,0.0,nan,nan,nan,nan,nan
12,12,100,7,12765,12766,DE-MILP,exact formulation/decomposition,joint sequence-and-time optimization,11.302521049416441,115.32508873939514,120.0,PASS,1,1000,0.3979794319486503,1.583086242099695,0.016733333333333333,0.008407531425782032,0.0,0.0,0.0,0.0,29340.0,17526.0,86100.0
12,12,100,7,12765,12766,LBBD,exact formulation/decomposition,joint sequence-and-time optimization,9.162171782050649,120.10562944412231,120.0,PASS,1,1000,0.3471586274860803,1.5130892298678547,0.014466666666666666,1.8647643596977225e-06,0.0,0.0,5200.0,1100.0,25740.0,25647.0,6000.0
12,12,100,7,12765,12766,CBBD,exact formulation/decomposition,joint sequence-and-time optimization,9.162171782050649,110.05986166000366,120.0,PASS,1,1000,0.3471586274860803,1.5130892298678547,0.014466666666666666,1.8647643596977225e-06,0.0,0.0,2720.0,960.0,25740.0,25647.0,6000.0
12,12,100,7,12765,12766,K-BRKGA,independent heuristic comparator,fixed stable slots,12.432092532975503,2.578291177749634,120.0,PASS,not_applicable,1000,0.465600770753526,1.8027192521824955,0.0226,0.0,0.0,0.0,nan,nan,nan,nan,nan
12,12,100,8,12865,12866,DE-MILP,exact formulation/decomposition,joint sequence-and-time optimization,12.12144858146172,115.10024380683899,120.0,PASS,1,1000,0.3949102226555251,1.5912557496381903,0.015066666666666667,0.024123070127051317,0.15800280370382921,0.0,0.0,0.0,29340.0,17526.0,86100.0
12,12,100,8,12865,12866,LBBD,exact formulation/decomposition,joint sequence-and-time optimization,8.627017268134665,110.04034447669983,120.0,PASS,1,1000,0.32466217860420876,1.4486403821327787,0.0116,0.00021363608443133506,0.0,0.0,6600.0,1400.0,25740.0,25647.0,6000.0
12,12,100,8,12865,12866,CBBD,exact formulation/decomposition,joint sequence-and-time optimization,8.627017268134665,120.09433102607727,120.0,PASS,1,1000,0.32466217860420876,1.4486403821327787,0.0116,0.00021363608443133506,0.0,0.0,4020.0,980.0,25740.0,25647.0,6000.0
12,12,100,8,12865,12866,K-BRKGA,independent heuristic comparator,fixed stable slots,12.33516025792369,2.84303617477417,120.0,PASS,not_applicable,1000,0.45379580172198575,1.7316972114774831,0.019766666666666665,0.0,0.0,0.0,nan,nan,nan,nan,nan
12,12,100,9,12965,12966,DE-MILP,exact formulation/decomposition,joint sequence-and-time optimization,11.507844738390105,115.35401272773743,120.0,PASS,1,1000,0.41668682110324895,1.6712169792722862,0.018766666666666668,9.92850605220773e-05,0.0,0.0,0.0,0.0,29340.0,17526.0,86100.0
12,12,100,9,12965,12966,LBBD,exact formulation/decomposition,joint sequence-and-time optimization,8.509759120631344,114.38596105575562,120.0,PASS,1,1000,0.3283518463460272,1.4644523728622953,0.011233333333333333,0.0,0.0,0.0,10000.0,1100.0,25740.0,25647.0,6000.0
12,12,100,9,12965,12966,CBBD,exact formulation/decomposition,joint sequence-and-time optimization,8.509759120631344,120.13848114013672,120.0,PASS,1,1000,0.3283518463460272,1.4644523728622953,0.011233333333333333,0.0,0.0,0.0,2800.0,870.0,25740.0,25647.0,6000.0
12,12,100,9,12965,12966,K-BRKGA,independent heuristic comparator,fixed stable slots,12.057661486510483,2.457908868789673,120.0,PASS,not_applicable,1000,0.45839413020256614,1.7671388949084386,0.019966666666666667,0.0,0.0,0.0,nan,nan,nan,nan,nan
16,16,100,0,12065,12066,DE-MILP,exact formulation/decomposition,joint sequence-and-time optimization,18.054539138207645,115.08912229537964,120.0,PASS,1,1000,0.45959490483316606,1.7416542360101936,0.025,0.0006334092603287587,0.0,0.0,0.0,0.0,39312.0,23561.0,150400.0
16,16,100,0,12065,12066,LBBD,exact formulation/decomposition,joint sequence-and-time optimization,12.611915184340774,120.0790102481842,120.0,PASS,1,1000,0.3610442231812691,1.5249005329083516,0.0159,0.00020910806406358265,0.0,0.0,9222.0,900.0,34512.0,34389.0,8000.0
16,16,100,0,12065,12066,CBBD,exact formulation/decomposition,joint sequence-and-time optimization,12.611915184340774,114.93445563316345,120.0,PASS,1,1000,0.3610442231812691,1.5249005329083516,0.0159,0.00020910806406358265,0.0,0.0,2432.0,760.0,34512.0,34389.0,8000.0
16,16,100,0,12065,12066,K-BRKGA,independent heuristic comparator,fixed stable slots,16.72395161503505,4.428741216659546,120.0,PASS,not_applicable,1000,0.49040689753539035,1.7662221181324793,0.0257,0.0,0.0,0.0,nan,nan,nan,nan,nan
16,16,100,1,12165,12166,DE-MILP,exact formulation/decomposition,joint sequence-and-time optimization,17.820427556825337,118.3652274608612,120.0,PASS,1,1000,0.460792738254514,1.7459483510703544,0.024275,0.001092541698744056,0.0,0.0,0.0,0.0,39312.0,23561.0,150400.0
16,16,100,1,12165,12166,LBBD,exact formulation/decomposition,joint sequence-and-time optimization,12.645522629099332,120.06729650497437,120.0,PASS,1,1000,0.3738686646990112,1.5951202944194365,0.018275,0.0012276305968601984,0.0,0.0,8850.0,500.0,34512.0,34389.0,8000.0
16,16,100,1,12165,12166,CBBD,exact formulation/decomposition,joint sequence-and-time optimization,12.645522629099332,120.05431962013245,120.0,PASS,1,1000,0.3738686646990112,1.5951202944194365,0.018275,0.0012276305968601984,0.0,0.0,1000.0,230.0,34512.0,34389.0,8000.0
16,16,100,1,12165,12166,K-BRKGA,independent heuristic comparator,fixed stable slots,17.040159793748813,4.082942724227905,120.0,PASS,not_applicable,1000,0.47829857106579127,1.7266428715875313,0.023125,0.0,0.0,0.0,nan,nan,nan,nan,nan
16,16,100,2,12265,12266,DE-MILP,exact formulation/decomposition,joint sequence-and-time optimization,18.16882227766024,115.44060277938843,120.0,PASS,1,1000,0.4488667621164458,1.713893602680126,0.022275,0.0013734140249562993,0.0,0.0,0.0,0.0,39312.0,23561.0,150400.0
16,16,100,2,12265,12266,LBBD,exact formulation/decomposition,joint sequence-and-time optimization,12.233709265927644,112.18375039100647,120.0,PASS,1,1000,0.36679976886929533,1.5592450085206877,0.01705,0.00031517728537041126,0.0,0.0,7600.0,400.0,34512.0,34389.0,8000.0
16,16,100,2,12265,12266,CBBD,exact formulation/decomposition,joint sequence-and-time optimization,12.233709265927644,120.06823539733887,120.0,PASS,1,1000,0.36679976886929533,1.5592450085206877,0.01705,0.00031517728537041126,0.0,0.0,4340.0,330.0,34512.0,34389.0,8000.0
16,16,100,2,12265,12266,K-BRKGA,independent heuristic comparator,fixed stable slots,16.381890275058083,4.253876686096191,120.0,PASS,not_applicable,1000,0.483500900005048,1.7724250822762766,0.024025,0.0,0.0,0.0,nan,nan,nan,nan,nan
16,16,100,3,12365,12366,DE-MILP,exact formulation/decomposition,joint sequence-and-time optimization,17.919841699452007,115.9656913280487,120.0,PASS,1,1000,0.4557495166235487,1.6957737945697027,0.0217,0.0034104568029058213,0.0,0.0,0.0,0.0,39312.0,23561.0,150400.0
16,16,100,3,12365,12366,LBBD,exact formulation/decomposition,joint sequence-and-time optimization,11.680960625366595,120.07187414169312,120.0,PASS,1,1000,0.3715216781906139,1.579348983897176,0.016975,0.00025645752000270846,0.0,0.0,3622.0,900.0,34512.0,34389.0,8000.0
16,16,100,3,12365,12366,CBBD,exact formulation/decomposition,joint sequence-and-time optimization,11.680960625366595,120.05133509635925,120.0,PASS,1,1000,0.3715216781906139,1.579348983897176,0.016975,0.00025645752000270846,0.0,0.0,1530.0,1040.0,34512.0,34389.0,8000.0
16,16,100,3,12365,12366,K-BRKGA,independent heuristic comparator,fixed stable slots,15.87389373042538,3.4657998085021973,120.0,PASS,not_applicable,1000,0.4864740804199093,1.7625206200113541,0.02375,0.0,0.0,0.0,nan,nan,nan,nan,nan
16,16,100,4,12465,12466,DE-MILP,exact formulation/decomposition,joint sequence-and-time optimization,19.408301336359273,115.09077095985413,120.0,PASS,1,1000,0.43848594175278616,1.6919050583792699,0.02195,0.0002798898788158845,0.0,0.0,0.0,0.0,39312.0,23561.0,150400.0
16,16,100,4,12465,12466,LBBD,exact formulation/decomposition,joint sequence-and-time optimization,12.84332487674547,114.03147172927856,120.0,PASS,1,1000,0.3638438140427287,1.551316839972806,0.015375,0.0007253756175649307,0.0,0.0,4322.0,300.0,34512.0,34389.0,8000.0
16,16,100,4,12465,12466,CBBD,exact formulation/decomposition,joint sequence-and-time optimization,12.84332487674547,111.72748112678528,120.0,PASS,1,1000,0.3638438140427287,1.551316839972806,0.015375,0.0007253756175649307,0.0,0.0,686.0,220.0,34512.0,34389.0,8000.0
16,16,100,4,12465,12466,K-BRKGA,independent heuristic comparator,fixed stable slots,17.12218438188046,4.6687400341033936,120.0,PASS,not_applicable,1000,0.47834406081306713,1.7439164664860207,0.0243,0.0,0.0,0.0,nan,nan,nan,nan,nan
16,16,100,5,12565,12566,DE-MILP,exact formulation/decomposition,joint sequence-and-time optimization,17.6473091921533,115.09699654579163,120.0,PASS,1,1000,0.43448516171865165,1.6826768326531725,0.023375,0.004794422850799405,0.0,0.0,0.0,0.0,39312.0,23561.0,150400.0
16,16,100,5,12565,12566,LBBD,exact formulation/decomposition,joint sequence-and-time optimization,12.44466814671921,120.10646224021912,120.0,PASS,1,1000,0.356054400099425,1.5086117391402545,0.015475,0.0007556181522038902,0.0,0.0,9112.0,800.0,34512.0,34389.0,8000.0
16,16,100,5,12565,12566,CBBD,exact formulation/decomposition,joint sequence-and-time optimization,12.44466814671921,115.93765425682068,120.0,PASS,1,1000,0.356054400099425,1.5086117391402545,0.015475,0.0007556181522038902,0.0,0.0,1996.0,550.0,34512.0,34389.0,8000.0
16,16,100,5,12565,12566,K-BRKGA,independent heuristic comparator,fixed stable slots,16.763848477312933,3.7687997817993164,120.0,PASS,not_applicable,1000,0.47251115292134754,1.6731785410844708,0.02145,0.0,0.0,0.0,nan,nan,nan,nan,nan
16,16,100,6,12665,12666,DE-MILP,exact formulation/decomposition,joint sequence-and-time optimization,18.832198239038433,115.1009771823883,120.0,PASS,1,1000,0.4433939914737448,1.7148119393828762,0.022925,5.8815543540950196e-05,0.0,0.0,0.0,0.0,39312.0,23561.0,150400.0
16,16,100,6,12665,12666,LBBD,exact formulation/decomposition,joint sequence-and-time optimization,12.38709201261392,116.02588248252869,120.0,PASS,1,1000,0.36125360605454626,1.5513586336775775,0.0165,0.0007260453991028254,0.0,0.0,8400.0,800.0,34512.0,34389.0,8000.0
16,16,100,6,12665,12666,CBBD,exact formulation/decomposition,joint sequence-and-time optimization,12.38709201261392,113.69280767440796,120.0,PASS,1,1000,0.36125360605454626,1.5513586336775775,0.0165,0.0007260453991028254,0.0,0.0,2324.0,570.0,34512.0,34389.0,8000.0
16,16,100,6,12665,12666,K-BRKGA,independent heuristic comparator,fixed stable slots,16.427677273801123,3.6249289512634277,120.0,PASS,not_applicable,1000,0.4692433280493139,1.69882306680602,0.02145,0.0,0.0,0.0,nan,nan,nan,nan,nan
16,16,100,7,12765,12766,DE-MILP,exact formulation/decomposition,joint sequence-and-time optimization,18.113936333993962,115.24169039726257,120.0,PASS,1,1000,0.45499129973675473,1.7317207681513915,0.02295,0.006595929162099107,0.0,0.0,0.0,0.0,39312.0,23561.0,150400.0
16,16,100,7,12765,12766,LBBD,exact formulation/decomposition,joint sequence-and-time optimization,12.159596550491187,120.0525381565094,120.0,PASS,1,1000,0.36481532966495217,1.5606755827098202,0.0168,0.00673541147796494,0.0,0.0,6674.0,800.0,34512.0,34389.0,8000.0
16,16,100,7,12765,12766,CBBD,exact formulation/decomposition,joint sequence-and-time optimization,12.159596550491187,120.06604766845703,120.0,PASS,1,1000,0.36481532966495217,1.5606755827098202,0.0168,0.00673541147796494,0.0,0.0,1504.0,880.0,34512.0,34389.0,8000.0
16,16,100,7,12765,12766,K-BRKGA,independent heuristic comparator,fixed stable slots,16.391818818288527,3.558271646499634,120.0,PASS,not_applicable,1000,0.48151270490737463,1.7303335629834866,0.02365,0.0,0.0,0.0,nan,nan,nan,nan,nan
16,16,100,8,12865,12866,DE-MILP,exact formulation/decomposition,joint sequence-and-time optimization,17.98740465436805,115.11214971542358,120.0,PASS,1,1000,0.4471663901724437,1.7069804249661762,0.0238,0.00031929554511169367,0.0,0.0,0.0,0.0,39312.0,23561.0,150400.0
16,16,100,8,12865,12866,LBBD,exact formulation/decomposition,joint sequence-and-time optimization,12.5181663598907,117.01771688461304,120.0,PASS,1,1000,0.3638792913017072,1.5620754014482632,0.017025,0.0005057365165737588,0.0,0.0,8994.0,900.0,34512.0,34389.0,8000.0
16,16,100,8,12865,12866,CBBD,exact formulation/decomposition,joint sequence-and-time optimization,12.5181663598907,120.06351327896118,120.0,PASS,1,1000,0.3638792913017072,1.5620754014482632,0.017025,0.0005057365165737588,0.0,0.0,2038.0,650.0,34512.0,34389.0,8000.0
16,16,100,8,12865,12866,K-BRKGA,independent heuristic comparator,fixed stable slots,16.77660965341525,4.262279033660889,120.0,PASS,not_applicable,1000,0.4705365459317792,1.7056585012565864,0.022075,0.0,0.0,0.0,nan,nan,nan,nan,nan
16,16,100,9,12965,12966,DE-MILP,exact formulation/decomposition,joint sequence-and-time optimization,17.537330748649225,115.1474826335907,120.0,PASS,1,1000,0.44906682350263116,1.7162224204550998,0.02145,0.003435408970662235,0.0,0.0,0.0,0.0,39312.0,23561.0,150400.0
16,16,100,9,12965,12966,LBBD,exact formulation/decomposition,joint sequence-and-time optimization,12.868025562216815,120.07019519805908,120.0,PASS,1,1000,0.3637924399120188,1.5219494195318675,0.01575,0.00030079149976441146,0.0,0.0,9652.0,800.0,34512.0,34389.0,8000.0
16,16,100,9,12965,12966,CBBD,exact formulation/decomposition,joint sequence-and-time optimization,12.868025562216815,119.93008589744568,120.0,PASS,1,1000,0.3637924399120188,1.5219494195318675,0.01575,0.00030079149976441146,0.0,0.0,1932.0,550.0,34512.0,34389.0,8000.0
16,16,100,9,12965,12966,K-BRKGA,independent heuristic comparator,fixed stable slots,16.79453230898335,3.6155760288238525,120.0,PASS,not_applicable,1000,0.4798049049155654,1.729349101389636,0.023225,0.0,0.0,0.0,nan,nan,nan,nan,nan
20,20,100,0,12065,12066,DE-MILP,exact formulation/decomposition,joint sequence-and-time optimization,23.535038548207325,115.49571466445923,120.0,PASS,1,1000,0.46186609464486866,1.7776540198223936,0.02812,0.0002627286175490736,0.0,0.0,0.0,0.0,49380.0,29692.0,232500.0
20,20,100,0,12065,12066,LBBD,exact formulation/decomposition,joint sequence-and-time optimization,16.249771889759813,120.08028078079224,120.0,PASS,1,1000,0.3869501608701245,1.5682711391291675,0.01974,0.00942846112153362,0.0,0.0,1382.0,900.0,43380.0,43227.0,10000.0
20,20,100,0,12065,12066,CBBD,exact formulation/decomposition,joint sequence-and-time optimization,16.249771889759813,113.10455775260925,120.0,PASS,1,1000,0.3869501608701245,1.5682711391291675,0.01974,0.00942846112153362,0.0,0.0,1324.0,640.0,43380.0,43227.0,10000.0
20,20,100,0,12065,12066,K-BRKGA,independent heuristic comparator,fixed stable slots,21.045059738221624,5.800707578659058,120.0,PASS,not_applicable,1000,0.4850178718480496,1.7353276960674804,0.02706,2.584278723915645e-07,0.0,0.0,nan,nan,nan,nan,nan
20,20,100,1,12165,12166,DE-MILP,exact formulation/decomposition,joint sequence-and-time optimization,24.250707935897026,115.12029242515564,120.0,PASS,1,1000,0.46705366612945,1.7600839409267357,0.02734,0.002182854291031282,0.0,0.0,0.0,0.0,49380.0,29692.0,232500.0
20,20,100,1,12165,12166,LBBD,exact formulation/decomposition,joint sequence-and-time optimization,15.296627615940793,120.05523777008057,120.0,PASS,1,1000,0.36593034919303463,1.5883718069554598,0.01846,0.02392652490445498,0.1484912799551864,0.0,8832.0,500.0,43380.0,43227.0,10000.0
20,20,100,1,12165,12166,CBBD,exact formulation/decomposition,joint sequence-and-time optimization,15.296627615940793,120.0650987625122,120.0,PASS,1,1000,0.36593034919303463,1.5883718069554598,0.01846,0.02392652490445498,0.1484912799551864,0.0,6102.0,420.0,43380.0,43227.0,10000.0
20,20,100,1,12165,12166,K-BRKGA,independent heuristic comparator,fixed stable slots,20.739238028668808,7.272599220275879,120.0,PASS,not_applicable,1000,0.49038776230594233,1.7537808479184678,0.02702,0.0,0.0,0.0,nan,nan,nan,nan,nan
20,20,100,2,12265,12266,DE-MILP,exact formulation/decomposition,joint sequence-and-time optimization,25.083527653886932,115.11497020721436,120.0,PASS,1,1000,0.4652265638141924,1.7470101115531749,0.02758,0.00036962001609002723,0.0,0.0,0.0,0.0,49380.0,29692.0,232500.0
20,20,100,2,12265,12266,LBBD,exact formulation/decomposition,joint sequence-and-time optimization,16.548181101628643,120.07007956504822,120.0,PASS,1,1000,0.40867907859795655,1.706755729529177,0.0256,0.010621852766627369,0.0,0.0,5164.0,700.0,43380.0,43227.0,10000.0
20,20,100,2,12265,12266,CBBD,exact formulation/decomposition,joint sequence-and-time optimization,16.548181101628643,120.0827407836914,120.0,PASS,1,1000,0.40867907859795655,1.706755729529177,0.0256,0.010621852766627369,0.0,0.0,2806.0,640.0,43380.0,43227.0,10000.0
20,20,100,2,12265,12266,K-BRKGA,independent heuristic comparator,fixed stable slots,21.75065407703653,8.48218321800232,120.0,PASS,not_applicable,1000,0.496210328688135,1.7852932437552964,0.02844,1.518501157799316e-07,0.0,0.0,nan,nan,nan,nan,nan
20,20,100,3,12365,12366,DE-MILP,exact formulation/decomposition,joint sequence-and-time optimization,24.685526721760397,116.26105642318726,120.0,PASS,1,1000,0.4962730138789166,1.770944958418371,0.02788,0.0,0.0,0.0,0.0,0.0,49380.0,29692.0,232500.0
20,20,100,3,12365,12366,LBBD,exact formulation/decomposition,joint sequence-and-time optimization,16.55614313321786,120.06609535217285,120.0,PASS,1,1000,0.4013683052532016,1.6253516425978778,0.02322,0.01569625017499239,0.0,0.0,5204.0,800.0,43380.0,43227.0,10000.0
20,20,100,3,12365,12366,CBBD,exact formulation/decomposition,joint sequence-and-time optimization,16.55614313321786,115.79110503196716,120.0,PASS,1,1000,0.4013683052532016,1.6253516425978778,0.02322,0.01569625017499239,0.0,0.0,1100.0,730.0,43380.0,43227.0,10000.0
20,20,100,3,12365,12366,K-BRKGA,independent heuristic comparator,fixed stable slots,21.308685324321715,5.262695550918579,120.0,PASS,not_applicable,1000,0.48806366338816415,1.7729995263304092,0.02912,0.0,0.0,0.0,nan,nan,nan,nan,nan
20,20,100,4,12465,12466,DE-MILP,exact formulation/decomposition,joint sequence-and-time optimization,21.964803545952975,115.23084807395935,120.0,PASS,1,1000,0.4642966931182864,1.8025240750852625,0.0299,0.0,0.0,0.0,0.0,0.0,49380.0,29692.0,232500.0
20,20,100,4,12465,12466,LBBD,exact formulation/decomposition,joint sequence-and-time optimization,16.200129109855027,120.08271861076355,120.0,PASS,1,1000,0.38925724799623024,1.6355328197723948,0.02178,0.007701661209433922,0.0,0.0,7200.0,400.0,43380.0,43227.0,10000.0
20,20,100,4,12465,12466,CBBD,exact formulation/decomposition,joint sequence-and-time optimization,16.200129109855027,120.08413076400757,120.0,PASS,1,1000,0.38925724799623024,1.6355328197723948,0.02178,0.007701661209433922,0.0,0.0,4680.0,420.0,43380.0,43227.0,10000.0
20,20,100,4,12465,12466,K-BRKGA,independent heuristic comparator,fixed stable slots,20.51535324391017,6.521097421646118,120.0,PASS,not_applicable,1000,0.4997604970421555,1.8140914105849695,0.02868,0.0,0.0,0.0,nan,nan,nan,nan,nan
20,20,100,5,12565,12566,DE-MILP,exact formulation/decomposition,joint sequence-and-time optimization,23.553500658267495,115.09778714179993,120.0,PASS,1,1000,0.4547456514506964,1.7294272894519627,0.02658,0.0007883357038921598,0.0,0.0,0.0,0.0,49380.0,29692.0,232500.0
20,20,100,5,12565,12566,LBBD,exact formulation/decomposition,joint sequence-and-time optimization,16.331777803701982,120.07998561859131,120.0,PASS,1,1000,0.39943947860734885,1.5851308728471403,0.02158,0.0170469539710228,0.0,0.0,1632.0,300.0,43380.0,43227.0,10000.0
20,20,100,5,12565,12566,CBBD,exact formulation/decomposition,joint sequence-and-time optimization,16.331777803701982,120.06865954399109,120.0,PASS,1,1000,0.39943947860734885,1.5851308728471403,0.02158,0.0170469539710228,0.0,0.0,1638.0,340.0,43380.0,43227.0,10000.0
20,20,100,5,12565,12566,K-BRKGA,independent heuristic comparator,fixed stable slots,20.551926593271048,5.03292441368103,120.0,PASS,not_applicable,1000,0.4975041758735194,1.810303135628054,0.03006,0.0,0.0,0.0,nan,nan,nan,nan,nan
20,20,100,6,12665,12666,DE-MILP,exact formulation/decomposition,joint sequence-and-time optimization,24.138978955369225,117.22363591194153,120.0,PASS,1,1000,0.45919389775373765,1.746325616701976,0.02784,0.0,0.0,0.0,0.0,0.0,49380.0,29692.0,232500.0
20,20,100,6,12665,12666,LBBD,exact formulation/decomposition,joint sequence-and-time optimization,16.63493310098295,120.06250047683716,120.0,PASS,1,1000,0.3943059902101061,1.5992656293241554,0.02172,0.016349757763309814,0.03642110150562558,0.0,0.0,100.0,43380.0,43227.0,10000.0
20,20,100,6,12665,12666,CBBD,exact formulation/decomposition,joint sequence-and-time optimization,16.63493310098295,120.10863637924194,120.0,PASS,1,1000,0.3943059902101061,1.5992656293241554,0.02172,0.016349757763309814,0.03642110150562558,0.0,0.0,100.0,43380.0,43227.0,10000.0
20,20,100,6,12665,12666,K-BRKGA,independent heuristic comparator,fixed stable slots,20.825647066533577,7.041894197463989,120.0,PASS,not_applicable,1000,0.4889727740376844,1.7612350320676795,0.02782,0.0,0.0,0.0,nan,nan,nan,nan,nan
20,20,100,7,12765,12766,DE-MILP,exact formulation/decomposition,joint sequence-and-time optimization,25.50726525793968,158.0562439441681,120.0,PASS,0,1000,0.5000211078269563,1.8129104931755242,0.0306,5.861948756196019e-07,0.0,0.0,0.0,0.0,49380.0,29692.0,232500.0
20,20,100,7,12765,12766,LBBD,exact formulation/decomposition,joint sequence-and-time optimization,16.038334044211865,110.99737858772278,120.0,PASS,1,1000,0.40554864673567537,1.6369213638238194,0.02392,0.015036048740129196,0.0,0.0,4000.0,300.0,43380.0,43227.0,10000.0
20,20,100,7,12765,12766,CBBD,exact formulation/decomposition,joint sequence-and-time optimization,16.038334044211865,120.04538011550903,120.0,PASS,1,1000,0.40554864673567537,1.6369213638238194,0.02392,0.015036048740129196,0.0,0.0,4000.0,310.0,43380.0,43227.0,10000.0
20,20,100,7,12765,12766,K-BRKGA,independent heuristic comparator,fixed stable slots,20.71656842147894,4.324737548828125,120.0,PASS,not_applicable,1000,0.4937986605243448,1.779610213540658,0.02846,0.0,0.0,0.0,nan,nan,nan,nan,nan
20,20,100,8,12865,12866,DE-MILP,exact formulation/decomposition,joint sequence-and-time optimization,25.880104494676175,115.08680701255798,120.0,PASS,1,1000,0.48157029823892333,1.7710206685005592,0.02834,0.0016708601011814102,0.0,0.0,0.0,0.0,49380.0,29692.0,232500.0
20,20,100,8,12865,12866,LBBD,exact formulation/decomposition,joint sequence-and-time optimization,16.996494855948526,111.29628992080688,120.0,PASS,1,1000,0.41406855623997607,1.6186858244004096,0.02316,0.013627587934506448,0.0,0.0,0.0,100.0,43380.0,43227.0,10000.0
20,20,100,8,12865,12866,CBBD,exact formulation/decomposition,joint sequence-and-time optimization,16.996494855948526,112.0937852859497,120.0,PASS,1,1000,0.41406855623997607,1.6186858244004096,0.02316,0.013627587934506448,0.0,0.0,0.0,100.0,43380.0,43227.0,10000.0
20,20,100,8,12865,12866,K-BRKGA,independent heuristic comparator,fixed stable slots,20.988387630148168,6.926939249038696,120.0,PASS,not_applicable,1000,0.49638429684961805,1.7954107745469212,0.02984,0.0,0.0,0.0,nan,nan,nan,nan,nan
20,20,100,9,12965,12966,DE-MILP,exact formulation/decomposition,joint sequence-and-time optimization,25.29485059364947,116.54293966293335,120.0,PASS,1,1000,0.48544381997961,1.7385885509854198,0.02708,0.0,0.0,0.0,0.0,0.0,49380.0,29692.0,232500.0
20,20,100,9,12965,12966,LBBD,exact formulation/decomposition,joint sequence-and-time optimization,15.965165839141605,120.0582001209259,120.0,PASS,1,1000,0.39179869029380804,1.5985730460840046,0.02168,0.015885204118838193,0.033476341741608975,0.0,4528.0,600.0,43380.0,43227.0,10000.0
20,20,100,9,12965,12966,CBBD,exact formulation/decomposition,joint sequence-and-time optimization,15.965165839141605,120.06566953659058,120.0,PASS,1,1000,0.39179869029380804,1.5985730460840046,0.02168,0.015885204118838193,0.033476341741608975,0.0,480.0,150.0,43380.0,43227.0,10000.0
20,20,100,9,12965,12966,K-BRKGA,independent heuristic comparator,fixed stable slots,20.5167686612819,5.3949761390686035,120.0,PASS,not_applicable,1000,0.4940348486390763,1.8123343272245003,0.03012,0.0,0.0,0.0,nan,nan,nan,nan,nan
