protocol_version,method,J,K,rep,seed_service,seed_lateness,algorithm_seed,budget_sec,pop_size,elite_size,mutant_size,inheritance_prob,max_generations,stall_generations,timing_mode,status,train_obj,validated_obj,validation_status,validation_max_violation,runtime_sec,best_gen,evaluations,feasible_evaluations,test_K,test_mean_direct,test_p95_direct,test_direct_exceed_rate,test_mean_indirect,test_p95_indirect,test_indirect_exceed_rate
EJOR-KBRKGA-PROTOCOL,K-BRKGA,8,100,0,12065,12066,30012065,120.0,100,20,10,0.7,100,25,fixed_scale_stable_slots,FEASIBLE_HEURISTIC,8.32328152588174,8.32328152588174,PASS,0.0,1.685887098312378,0,2100,2100,1000,0.4282706714207962,1.9206215068373393,0.0238,0.0,0.0,0.0
EJOR-KBRKGA-PROTOCOL,K-BRKGA,8,100,1,12165,12166,30012165,120.0,100,20,10,0.7,100,25,fixed_scale_stable_slots,FEASIBLE_HEURISTIC,8.389270081913082,8.389270081913082,PASS,0.0,1.5537834167480469,0,2100,2100,1000,0.4304564472115184,1.9427342619287054,0.02465,0.0,0.0,0.0
EJOR-KBRKGA-PROTOCOL,K-BRKGA,8,100,2,12265,12266,30012265,120.0,100,20,10,0.7,100,25,fixed_scale_stable_slots,FEASIBLE_HEURISTIC,8.318964334615274,8.318964334615274,PASS,0.0,1.6411244869232178,2,2260,2260,1000,0.4360475338312218,1.9449944041701996,0.02535,0.0,0.0,0.0
EJOR-KBRKGA-PROTOCOL,K-BRKGA,8,100,3,12365,12366,30012365,120.0,100,20,10,0.7,100,25,fixed_scale_stable_slots,FEASIBLE_HEURISTIC,8.213051678496313,8.213051678496313,PASS,0.0,1.6205036640167236,3,2340,2340,1000,0.4280196147398081,1.9614472229460889,0.0239,0.0,0.0,0.0
EJOR-KBRKGA-PROTOCOL,K-BRKGA,8,100,4,12465,12466,30012465,120.0,100,20,10,0.7,100,25,fixed_scale_stable_slots,FEASIBLE_HEURISTIC,8.459668348994242,8.459668348994242,PASS,0.0,1.5323116779327393,1,2180,2180,1000,0.43355783001699366,1.9463435295666853,0.023,0.0,0.0,0.0
EJOR-KBRKGA-PROTOCOL,K-BRKGA,8,100,5,12565,12566,30012565,120.0,100,20,10,0.7,100,25,fixed_scale_stable_slots,FEASIBLE_HEURISTIC,8.018033965038342,8.018033965038342,PASS,0.0,1.4963669776916504,0,2100,2100,1000,0.4390314583430088,1.9714739919217146,0.0257,0.0,0.0,0.0
EJOR-KBRKGA-PROTOCOL,K-BRKGA,8,100,6,12665,12666,30012665,120.0,100,20,10,0.7,100,25,fixed_scale_stable_slots,FEASIBLE_HEURISTIC,8.130051597588789,8.130051597588789,PASS,0.0,1.455622673034668,0,2100,2100,1000,0.43373052697060366,1.959506153268472,0.0252,0.0,0.0,0.0
EJOR-KBRKGA-PROTOCOL,K-BRKGA,8,100,7,12765,12766,30012765,120.0,100,20,10,0.7,100,25,fixed_scale_stable_slots,FEASIBLE_HEURISTIC,8.346307174442188,8.346307174442188,PASS,0.0,1.5294349193572998,0,2100,2100,1000,0.42774502203389275,1.9272521089356247,0.02255,0.0,0.0,0.0
EJOR-KBRKGA-PROTOCOL,K-BRKGA,8,100,8,12865,12866,30012865,120.0,100,20,10,0.7,100,25,fixed_scale_stable_slots,FEASIBLE_HEURISTIC,8.106462809899043,8.106462809899043,PASS,0.0,1.4709265232086182,0,2100,2100,1000,0.4294035407856185,1.913566867194382,0.02185,0.0,0.0,0.0
EJOR-KBRKGA-PROTOCOL,K-BRKGA,8,100,9,12965,12966,30012965,120.0,100,20,10,0.7,100,25,fixed_scale_stable_slots,FEASIBLE_HEURISTIC,8.251782648056661,8.251782648056661,PASS,0.0,1.594773530960083,1,2180,2180,1000,0.4328758993019633,1.9506398920495862,0.0245,0.0,0.0,0.0
EJOR-KBRKGA-PROTOCOL,K-BRKGA,12,100,0,12065,12066,30012065,120.0,100,20,10,0.7,100,25,fixed_scale_stable_slots,FEASIBLE_HEURISTIC,12.481735198323264,12.481735198323264,PASS,0.0,2.6448898315429688,8,2740,2740,1000,0.45861325636116124,1.7345922098022921,0.019833333333333335,0.0,0.0,0.0
EJOR-KBRKGA-PROTOCOL,K-BRKGA,12,100,1,12165,12166,30012165,120.0,100,20,10,0.7,100,25,fixed_scale_stable_slots,FEASIBLE_HEURISTIC,12.628457038236604,12.628457038236604,PASS,0.0,2.059915781021118,1,2180,2180,1000,0.47062607878502577,1.7718690327876943,0.0207,0.0,0.0,0.0
EJOR-KBRKGA-PROTOCOL,K-BRKGA,12,100,2,12265,12266,30012265,120.0,100,20,10,0.7,100,25,fixed_scale_stable_slots,FEASIBLE_HEURISTIC,11.812636185524696,11.812636185524696,PASS,0.0,2.552332639694214,7,2660,2660,1000,0.46357071494624064,1.763803819108206,0.022066666666666665,0.0,0.0,0.0
EJOR-KBRKGA-PROTOCOL,K-BRKGA,12,100,3,12365,12366,30012365,120.0,100,20,10,0.7,100,25,fixed_scale_stable_slots,FEASIBLE_HEURISTIC,12.486629533246088,12.486629533246088,PASS,0.0,2.3011281490325928,4,2420,2420,1000,0.47070486586269994,1.7967154722948824,0.021666666666666667,0.0,0.0,0.0
EJOR-KBRKGA-PROTOCOL,K-BRKGA,12,100,4,12465,12466,30012465,120.0,100,20,10,0.7,100,25,fixed_scale_stable_slots,FEASIBLE_HEURISTIC,12.942839424544644,12.942839424544644,PASS,0.0,3.12408185005188,15,3300,3300,1000,0.45961260322820063,1.7291876074163812,0.0203,0.0,0.0,0.0
EJOR-KBRKGA-PROTOCOL,K-BRKGA,12,100,5,12565,12566,30012565,120.0,100,20,10,0.7,100,25,fixed_scale_stable_slots,FEASIBLE_HEURISTIC,12.89106740486747,12.89106740486747,PASS,0.0,2.485229969024658,6,2580,2580,1000,0.4614794013954104,1.7705750909578697,0.020666666666666667,0.0,0.0,0.0
EJOR-KBRKGA-PROTOCOL,K-BRKGA,12,100,6,12665,12666,30012665,120.0,100,20,10,0.7,100,25,fixed_scale_stable_slots,FEASIBLE_HEURISTIC,12.657296273879581,12.657296273879581,PASS,0.0,3.0016684532165527,13,3140,3140,1000,0.4535121807984685,1.723059560982898,0.0198,0.0,0.0,0.0
EJOR-KBRKGA-PROTOCOL,K-BRKGA,12,100,7,12765,12766,30012765,120.0,100,20,10,0.7,100,25,fixed_scale_stable_slots,FEASIBLE_HEURISTIC,12.432092532975503,12.432092532975503,PASS,0.0,2.578291177749634,8,2740,2740,1000,0.465600770753526,1.8027192521824955,0.0226,0.0,0.0,0.0
EJOR-KBRKGA-PROTOCOL,K-BRKGA,12,100,8,12865,12866,30012865,120.0,100,20,10,0.7,100,25,fixed_scale_stable_slots,FEASIBLE_HEURISTIC,12.33516025792369,12.33516025792369,PASS,0.0,2.84303617477417,11,2980,2980,1000,0.45379580172198575,1.7316972114774831,0.019766666666666665,0.0,0.0,0.0
EJOR-KBRKGA-PROTOCOL,K-BRKGA,12,100,9,12965,12966,30012965,120.0,100,20,10,0.7,100,25,fixed_scale_stable_slots,FEASIBLE_HEURISTIC,12.057661486510483,12.057661486510483,PASS,0.0,2.457908868789673,7,2660,2660,1000,0.45839413020256614,1.7671388949084386,0.019966666666666667,0.0,0.0,0.0
EJOR-KBRKGA-PROTOCOL,K-BRKGA,16,100,0,12065,12066,30012065,120.0,100,20,10,0.7,100,25,fixed_scale_stable_slots,FEASIBLE_HEURISTIC,16.72395161503505,16.72395161503505,PASS,0.0,4.428741216659546,20,3700,3700,1000,0.49040689753539035,1.7662221181324793,0.0257,0.0,0.0,0.0
EJOR-KBRKGA-PROTOCOL,K-BRKGA,16,100,1,12165,12166,30012165,120.0,100,20,10,0.7,100,25,fixed_scale_stable_slots,FEASIBLE_HEURISTIC,17.040159793748813,17.040159793748813,PASS,0.0,4.082942724227905,16,3380,3380,1000,0.47829857106579127,1.7266428715875313,0.023125,0.0,0.0,0.0
EJOR-KBRKGA-PROTOCOL,K-BRKGA,16,100,2,12265,12266,30012265,120.0,100,20,10,0.7,100,25,fixed_scale_stable_slots,FEASIBLE_HEURISTIC,16.381890275058083,16.381890275058083,PASS,0.0,4.253876686096191,18,3540,3540,1000,0.483500900005048,1.7724250822762766,0.024025,0.0,0.0,0.0
EJOR-KBRKGA-PROTOCOL,K-BRKGA,16,100,3,12365,12366,30012365,120.0,100,20,10,0.7,100,25,fixed_scale_stable_slots,FEASIBLE_HEURISTIC,15.87389373042538,15.87389373042538,PASS,0.0,3.4657998085021973,10,2900,2900,1000,0.4864740804199093,1.7625206200113541,0.02375,0.0,0.0,0.0
EJOR-KBRKGA-PROTOCOL,K-BRKGA,16,100,4,12465,12466,30012465,120.0,100,20,10,0.7,100,25,fixed_scale_stable_slots,FEASIBLE_HEURISTIC,17.12218438188046,17.12218438188046,PASS,0.0,4.6687400341033936,21,3780,3780,1000,0.47834406081306713,1.7439164664860207,0.0243,0.0,0.0,0.0
EJOR-KBRKGA-PROTOCOL,K-BRKGA,16,100,5,12565,12566,30012565,120.0,100,20,10,0.7,100,25,fixed_scale_stable_slots,FEASIBLE_HEURISTIC,16.763848477312933,16.763848477312933,PASS,0.0,3.7687997817993164,13,3140,3140,1000,0.47251115292134754,1.6731785410844708,0.02145,0.0,0.0,0.0
EJOR-KBRKGA-PROTOCOL,K-BRKGA,16,100,6,12665,12666,30012665,120.0,100,20,10,0.7,100,25,fixed_scale_stable_slots,FEASIBLE_HEURISTIC,16.427677273801123,16.427677273801123,PASS,0.0,3.6249289512634277,12,3060,3060,1000,0.4692433280493139,1.69882306680602,0.02145,0.0,0.0,0.0
EJOR-KBRKGA-PROTOCOL,K-BRKGA,16,100,7,12765,12766,30012765,120.0,100,20,10,0.7,100,25,fixed_scale_stable_slots,FEASIBLE_HEURISTIC,16.391818818288527,16.391818818288527,PASS,0.0,3.558271646499634,11,2980,2980,1000,0.48151270490737463,1.7303335629834866,0.02365,0.0,0.0,0.0
EJOR-KBRKGA-PROTOCOL,K-BRKGA,16,100,8,12865,12866,30012865,120.0,100,20,10,0.7,100,25,fixed_scale_stable_slots,FEASIBLE_HEURISTIC,16.77660965341525,16.77660965341525,PASS,0.0,4.262279033660889,18,3540,3540,1000,0.4705365459317792,1.7056585012565864,0.022075,0.0,0.0,0.0
EJOR-KBRKGA-PROTOCOL,K-BRKGA,16,100,9,12965,12966,30012965,120.0,100,20,10,0.7,100,25,fixed_scale_stable_slots,FEASIBLE_HEURISTIC,16.79453230898335,16.79453230898335,PASS,0.0,3.6155760288238525,11,2980,2980,1000,0.4798049049155654,1.729349101389636,0.023225,0.0,0.0,0.0
EJOR-KBRKGA-PROTOCOL,K-BRKGA,20,100,0,12065,12066,30012065,120.0,100,20,10,0.7,100,25,fixed_scale_stable_slots,FEASIBLE_HEURISTIC,21.045059738221624,21.045059738221624,PASS,0.0,5.800707578659058,23,3940,3940,1000,0.4850178718480496,1.7353276960674804,0.02706,2.584278723915645e-07,0.0,0.0
EJOR-KBRKGA-PROTOCOL,K-BRKGA,20,100,1,12165,12166,30012165,120.0,100,20,10,0.7,100,25,fixed_scale_stable_slots,FEASIBLE_HEURISTIC,20.739238028668808,20.739238028668808,PASS,0.0,7.272599220275879,36,4980,4980,1000,0.49038776230594233,1.7537808479184678,0.02702,0.0,0.0,0.0
EJOR-KBRKGA-PROTOCOL,K-BRKGA,20,100,2,12265,12266,30012265,120.0,100,20,10,0.7,100,25,fixed_scale_stable_slots,FEASIBLE_HEURISTIC,21.75065407703653,21.75065407703653,PASS,0.0,8.48218321800232,47,5860,5860,1000,0.496210328688135,1.7852932437552964,0.02844,1.518501157799316e-07,0.0,0.0
EJOR-KBRKGA-PROTOCOL,K-BRKGA,20,100,3,12365,12366,30012365,120.0,100,20,10,0.7,100,25,fixed_scale_stable_slots,FEASIBLE_HEURISTIC,21.308685324321715,21.308685324321715,PASS,0.0,5.262695550918579,19,3620,3620,1000,0.48806366338816415,1.7729995263304092,0.02912,0.0,0.0,0.0
EJOR-KBRKGA-PROTOCOL,K-BRKGA,20,100,4,12465,12466,30012465,120.0,100,20,10,0.7,100,25,fixed_scale_stable_slots,FEASIBLE_HEURISTIC,20.51535324391017,20.51535324391017,PASS,0.0,6.521097421646118,30,4500,4500,1000,0.4997604970421555,1.8140914105849695,0.02868,0.0,0.0,0.0
EJOR-KBRKGA-PROTOCOL,K-BRKGA,20,100,5,12565,12566,30012565,120.0,100,20,10,0.7,100,25,fixed_scale_stable_slots,FEASIBLE_HEURISTIC,20.551926593271048,20.551926593271048,PASS,0.0,5.03292441368103,17,3460,3460,1000,0.4975041758735194,1.810303135628054,0.03006,0.0,0.0,0.0
EJOR-KBRKGA-PROTOCOL,K-BRKGA,20,100,6,12665,12666,30012665,120.0,100,20,10,0.7,100,25,fixed_scale_stable_slots,FEASIBLE_HEURISTIC,20.825647066533577,20.825647066533577,PASS,0.0,7.041894197463989,34,4820,4820,1000,0.4889727740376844,1.7612350320676795,0.02782,0.0,0.0,0.0
EJOR-KBRKGA-PROTOCOL,K-BRKGA,20,100,7,12765,12766,30012765,120.0,100,20,10,0.7,100,25,fixed_scale_stable_slots,FEASIBLE_HEURISTIC,20.71656842147894,20.71656842147894,PASS,0.0,4.324737548828125,11,2980,2980,1000,0.4937986605243448,1.779610213540658,0.02846,0.0,0.0,0.0
EJOR-KBRKGA-PROTOCOL,K-BRKGA,20,100,8,12865,12866,30012865,120.0,100,20,10,0.7,100,25,fixed_scale_stable_slots,FEASIBLE_HEURISTIC,20.988387630148168,20.988387630148168,PASS,0.0,6.926939249038696,33,4740,4740,1000,0.49638429684961805,1.7954107745469212,0.02984,0.0,0.0,0.0
EJOR-KBRKGA-PROTOCOL,K-BRKGA,20,100,9,12965,12966,30012965,120.0,100,20,10,0.7,100,25,fixed_scale_stable_slots,FEASIBLE_HEURISTIC,20.5167686612819,20.5167686612819,PASS,0.0,5.3949761390686035,20,3700,3700,1000,0.4940348486390763,1.8123343272245003,0.03012,0.0,0.0,0.0
