protocol_version,J,K,rep,seed_service,seed_lateness,method,status,certified,validated_obj,alpha_sum,beta_sum,avg_direct_burden,avg_indirect_burden,avg_total_burden,validation_max_violation,runtime_sec,scenario_seed_mode
EJOR-SECTION52-PROTOCOL,4,15,0,2025,2025,DE-MILP,PASS,1,0.1584635294545862,13.441536470545413,22.4,0.02641058824243107,0.0,0.02641058824243107,0.0,0.0720067024230957,common_replication_seed
EJOR-SECTION52-PROTOCOL,4,15,0,2025,2025,SS-BW,PASS,0,5.966032218560418,7.633967781439586,22.4,0.9943387030934024,0.0,0.9943387030934024,0.0,0.0,common_replication_seed
EJOR-SECTION52-PROTOCOL,4,15,0,2025,2025,SS-MILP,PASS,0,1.0815408471910715,13.381601476491758,21.536857676317172,0.036399753918040366,0.1438570539471379,0.18025680786517828,0.0,0.018510103225708008,common_replication_seed
EJOR-SECTION52-PROTOCOL,4,50,0,2025,2025,DE-MILP,PASS,1,0.2720310361673697,13.327968963832628,22.4,0.04533850602789524,0.0,0.04533850602789524,0.0,0.42838025093078613,common_replication_seed
EJOR-SECTION52-PROTOCOL,4,50,0,2025,2025,SS-BW,PASS,0,5.978772715083359,7.6212272849166425,22.4,0.9964621191805594,0.0,0.9964621191805594,0.0,0.0009989738464355469,common_replication_seed
EJOR-SECTION52-PROTOCOL,4,50,0,2025,2025,SS-MILP,PASS,0,1.1175762515704406,13.327968963832628,21.55445478459693,0.04533850602789524,0.14092420256717797,0.1862627085950732,0.0,0.039005279541015625,common_replication_seed
EJOR-SECTION52-PROTOCOL,4,200,0,2025,2025,DE-MILP,PASS,1,0.28887988062963643,13.311120119370365,22.4,0.04814664677160604,0.0,0.04814664677160604,0.0,5.087436676025391,common_replication_seed
EJOR-SECTION52-PROTOCOL,4,200,0,2025,2025,SS-BW,PASS,0,5.966781671635498,7.633218328364505,22.4,0.9944636119392491,0.0,0.9944636119392491,0.0,0.001001596450805664,common_replication_seed
EJOR-SECTION52-PROTOCOL,4,200,0,2025,2025,SS-MILP,PASS,0,3.200449815649584,13.311120119370365,19.48843006498005,0.04814664677160604,0.48526165583665787,0.5334083026082639,0.0,0.15981769561767578,common_replication_seed
EJOR-SECTION52-PROTOCOL,4,500,0,2025,2025,DE-MILP,PASS,1,0.31119095000382657,13.28880904999617,22.4,0.051865158333971394,0.0,0.051865158333971394,0.0,26.045435190200806,common_replication_seed
EJOR-SECTION52-PROTOCOL,4,500,0,2025,2025,SS-BW,PASS,0,6.002575574358136,7.5974244256418615,22.4,1.000429262393023,0.0,1.000429262393023,0.0,0.0,common_replication_seed
EJOR-SECTION52-PROTOCOL,4,500,0,2025,2025,SS-MILP,PASS,0,3.216064282785112,13.28880904999617,19.495126667218713,0.051865158333971394,0.4841455554635478,0.5360107137975192,0.0,0.5324563980102539,common_replication_seed
EJOR-SECTION52-PROTOCOL,4,15,1,2035,2035,DE-MILP,PASS,1,0.27846923586546524,13.32153076413453,22.4,0.046411539310911465,0.0,0.046411539310911465,0.0,0.07059407234191895,common_replication_seed
EJOR-SECTION52-PROTOCOL,4,15,1,2035,2035,SS-BW,PASS,0,6.08317252755203,7.516827472447972,22.4,1.013862087925338,0.0,1.013862087925338,0.0,0.0010006427764892578,common_replication_seed
EJOR-SECTION52-PROTOCOL,4,15,1,2035,2035,SS-MILP,PASS,0,1.1096051096426933,13.321530764134533,21.568864126222774,0.046411539310911167,0.13852264562953778,0.18493418494044894,0.0,0.021996498107910156,common_replication_seed
EJOR-SECTION52-PROTOCOL,4,50,1,2035,2035,DE-MILP,PASS,1,0.2287439404667282,13.371256059533268,22.4,0.038123990077788515,0.0,0.038123990077788515,0.0,0.36682581901550293,common_replication_seed
EJOR-SECTION52-PROTOCOL,4,50,1,2035,2035,SS-BW,PASS,0,6.012067945835344,7.587932054164657,22.4,1.0020113243058903,0.0,1.0020113243058903,0.0,0.0,common_replication_seed
EJOR-SECTION52-PROTOCOL,4,50,1,2035,2035,SS-MILP,PASS,0,3.1411261736938627,13.371256059533268,19.487617766772864,0.038123990077788515,0.48539703887118923,0.5235210289489778,0.0,0.03759336471557617,common_replication_seed
EJOR-SECTION52-PROTOCOL,4,200,1,2035,2035,DE-MILP,PASS,1,0.2744933310077968,13.325506668992197,22.4,0.04574888850130043,0.0,0.04574888850130043,0.0,5.161709308624268,common_replication_seed
EJOR-SECTION52-PROTOCOL,4,200,1,2035,2035,SS-BW,PASS,0,5.924932151009834,7.675067848990167,22.4,0.987488691834972,0.0,0.987488691834972,0.0,0.0,common_replication_seed
EJOR-SECTION52-PROTOCOL,4,200,1,2035,2035,SS-MILP,PASS,0,3.2054381152576283,13.299191264457546,19.495370620284824,0.05013478925707574,0.48410489661919565,0.5342396858762714,0.0,0.2005152702331543,common_replication_seed
EJOR-SECTION52-PROTOCOL,4,500,1,2035,2035,DE-MILP,PASS,1,0.29336047912001106,13.306639520879987,22.4,0.04889341318666873,0.0,0.04889341318666873,0.0,25.707439422607422,common_replication_seed
EJOR-SECTION52-PROTOCOL,4,500,1,2035,2035,SS-BW,PASS,0,5.951650150058853,7.648349849941146,22.4,0.9919416916764755,0.0,0.9919416916764755,0.0,0.0,common_replication_seed
EJOR-SECTION52-PROTOCOL,4,500,1,2035,2035,SS-MILP,PASS,0,3.194067456216594,13.306639520879987,19.499293022903423,0.04889341318666873,0.4834511628494296,0.5323445760360983,0.0,0.40482044219970703,common_replication_seed
EJOR-SECTION52-PROTOCOL,4,15,2,2045,2045,DE-MILP,PASS,1,0.11161210264103971,13.488387897358955,22.4,0.018602017106840618,0.0,0.018602017106840618,0.0,0.05150794982910156,common_replication_seed
EJOR-SECTION52-PROTOCOL,4,15,2,2045,2045,SS-BW,PASS,0,5.6949674859710875,7.905032514028909,22.4,0.9491612476618485,0.0,0.9491612476618485,0.0,0.0,common_replication_seed
EJOR-SECTION52-PROTOCOL,4,15,2,2045,2045,SS-MILP,PASS,0,0.9455155759547154,13.488387897358955,21.566096526686326,0.018602017106840618,0.1389839122189457,0.15758592932578633,0.0,0.015999317169189453,common_replication_seed
EJOR-SECTION52-PROTOCOL,4,50,2,2045,2045,DE-MILP,PASS,1,0.18548230054554438,13.414517699454453,22.4,0.030913716757591175,0.0,0.030913716757591175,0.0,0.34118127822875977,common_replication_seed
EJOR-SECTION52-PROTOCOL,4,50,2,2045,2045,SS-BW,PASS,0,5.814976238413671,7.785023761586328,22.4,0.9691627064022784,0.0,0.9691627064022784,0.0,0.0,common_replication_seed
EJOR-SECTION52-PROTOCOL,4,50,2,2045,2045,SS-MILP,PASS,0,3.1915600442737073,13.313958823481336,19.494481132244953,0.04767352941977757,0.48425314462584074,0.5319266740456183,0.0,0.035996437072753906,common_replication_seed
EJOR-SECTION52-PROTOCOL,4,200,2,2045,2045,DE-MILP,PASS,1,0.2748874970574704,13.325112502942527,22.4,0.04581458284291188,0.0,0.04581458284291188,0.0,4.8248374462127686,common_replication_seed
EJOR-SECTION52-PROTOCOL,4,200,2,2045,2045,SS-BW,PASS,0,5.9248398245282985,7.675160175471703,22.4,0.9874733040880495,0.0,0.9874733040880495,0.0,0.0,common_replication_seed
EJOR-SECTION52-PROTOCOL,4,200,2,2045,2045,SS-MILP,PASS,0,3.1960861396146356,13.31058517459444,19.49332868579092,0.04823580423425988,0.4844452190348463,0.5326810232691062,0.0,0.12607169151306152,common_replication_seed
EJOR-SECTION52-PROTOCOL,4,500,2,2045,2045,DE-MILP,PASS,1,0.3115832837601218,13.288416716239878,22.4,0.051930547293353335,0.0,0.051930547293353335,0.0,39.21218681335449,common_replication_seed
EJOR-SECTION52-PROTOCOL,4,500,2,2045,2045,SS-BW,PASS,0,5.991657877836246,7.608342122163755,22.4,0.9986096463060408,0.0,0.9986096463060408,0.0,0.0010004043579101562,common_replication_seed
EJOR-SECTION52-PROTOCOL,4,500,2,2045,2045,SS-MILP,PASS,0,1.162848373770622,13.288416716239878,21.5487349099895,0.051930547293353335,0.14187751500175017,0.1938080622951035,0.0,0.47788548469543457,common_replication_seed
EJOR-SECTION52-PROTOCOL,4,15,3,2055,2055,DE-MILP,PASS,1,0.30841957716499735,13.291580422835002,22.4,0.05140326286083267,0.0,0.05140326286083267,0.0,0.07000112533569336,common_replication_seed
EJOR-SECTION52-PROTOCOL,4,15,3,2055,2055,SS-BW,PASS,0,6.024824932737509,7.575175067262494,22.4,1.0041374887895842,0.0,1.0041374887895842,0.0,0.0,common_replication_seed
EJOR-SECTION52-PROTOCOL,4,15,3,2055,2055,SS-MILP,PASS,0,3.2967271826060554,13.21440800516396,19.488864812229984,0.06426533247267296,0.48518919796166937,0.5494545304343423,0.0,0.019000768661499023,common_replication_seed
EJOR-SECTION52-PROTOCOL,4,50,3,2055,2055,DE-MILP,PASS,1,0.2751939018060199,13.324806098193974,22.4,0.04586565030100387,0.0,0.04586565030100387,0.0,0.3520541191101074,common_replication_seed
EJOR-SECTION52-PROTOCOL,4,50,3,2055,2055,SS-BW,PASS,0,5.986814665761468,7.613185334238533,22.4,0.9978024442935777,0.0,0.9978024442935777,0.0,0.0,common_replication_seed
EJOR-SECTION52-PROTOCOL,4,50,3,2055,2055,SS-MILP,PASS,0,3.1991999728506215,13.324806098193974,19.475993928955404,0.04586565030100387,0.48733434517409946,0.5331999954751033,0.0,0.040622711181640625,common_replication_seed
EJOR-SECTION52-PROTOCOL,4,200,3,2055,2055,DE-MILP,PASS,1,0.3090307064398061,13.290969293560188,22.4,0.05150511773996843,0.0,0.05150511773996843,0.0,4.778854131698608,common_replication_seed
EJOR-SECTION52-PROTOCOL,4,200,3,2055,2055,SS-BW,PASS,0,6.053358369391773,7.546641630608226,22.4,1.0088930615652956,0.0,1.0088930615652956,0.0,0.0,common_replication_seed
EJOR-SECTION52-PROTOCOL,4,200,3,2055,2055,SS-MILP,PASS,0,3.2292714170900254,13.277727819642356,19.493000763267613,0.05371203005960697,0.48449987278873113,0.5382119028483381,0.0,0.12594199180603027,common_replication_seed
EJOR-SECTION52-PROTOCOL,4,500,3,2055,2055,DE-MILP,PASS,1,0.3137057669425545,13.286294233057442,22.4,0.052284294490426375,0.0,0.052284294490426375,0.0,25.52919101715088,common_replication_seed
EJOR-SECTION52-PROTOCOL,4,500,3,2055,2055,SS-BW,PASS,0,6.029666219745565,7.57033378025444,22.4,1.0049443699575933,0.0,1.0049443699575933,0.0,0.0,common_replication_seed
EJOR-SECTION52-PROTOCOL,4,500,3,2055,2055,SS-MILP,PASS,0,1.1637338673323327,13.286294233057442,21.549971899610227,0.052284294490426375,0.14167135006496193,0.1939556445553883,0.0,0.3629574775695801,common_replication_seed
EJOR-SECTION52-PROTOCOL,4,15,4,2065,2065,DE-MILP,PASS,1,0.2348646353693482,13.365135364630653,22.4,0.03914410589489111,0.0,0.03914410589489111,0.0,0.07230305671691895,common_replication_seed
EJOR-SECTION52-PROTOCOL,4,15,4,2065,2065,SS-BW,PASS,0,5.949414105528856,7.650585894471145,22.4,0.9915690175881423,0.0,0.9915690175881423,0.0,0.0009522438049316406,common_replication_seed
EJOR-SECTION52-PROTOCOL,4,15,4,2065,2065,SS-MILP,PASS,0,1.0765746372470915,13.365135364630653,21.558289998122255,0.03914410589489111,0.1402850003129572,0.17942910620784833,0.0,0.015996217727661133,common_replication_seed
EJOR-SECTION52-PROTOCOL,4,50,4,2065,2065,DE-MILP,PASS,1,0.26759655020972417,13.332403449790274,22.4,0.04459942503495443,0.0,0.04459942503495443,0.0,0.3649575710296631,common_replication_seed
EJOR-SECTION52-PROTOCOL,4,50,4,2065,2065,SS-BW,PASS,0,6.034157972636869,7.565842027363131,22.4,1.005692995439478,0.0,1.005692995439478,0.0,0.0,common_replication_seed
EJOR-SECTION52-PROTOCOL,4,50,4,2065,2065,SS-MILP,PASS,0,1.1049088725590437,13.332403449790274,21.562687677650683,0.04459942503495443,0.139552053724886,0.18415147875984042,0.0,0.037000179290771484,common_replication_seed
EJOR-SECTION52-PROTOCOL,4,200,4,2065,2065,DE-MILP,PASS,1,0.2936002916372331,13.306399708362767,22.4,0.04893338193953878,0.0,0.04893338193953878,0.0,4.925953149795532,common_replication_seed
EJOR-SECTION52-PROTOCOL,4,200,4,2065,2065,SS-BW,PASS,0,6.035677498245658,7.564322501754342,22.4,1.0059462497076097,0.0,1.0059462497076097,0.0,0.0,common_replication_seed
EJOR-SECTION52-PROTOCOL,4,200,4,2065,2065,SS-MILP,PASS,0,1.1330418866303589,13.306399708362767,21.560558405006873,0.04893338193953878,0.13990693249885436,0.18884031443839314,0.0,0.12788820266723633,common_replication_seed
EJOR-SECTION52-PROTOCOL,4,500,4,2065,2065,DE-MILP,PASS,1,0.31711203769100393,13.282887962308997,22.4,0.05285200628183392,0.0,0.05285200628183392,0.0,27.39574432373047,common_replication_seed
EJOR-SECTION52-PROTOCOL,4,500,4,2065,2065,SS-BW,PASS,0,6.019546149321833,7.580453850678168,22.4,1.0032576915536386,0.0,1.0032576915536386,0.0,0.0,common_replication_seed
EJOR-SECTION52-PROTOCOL,4,500,4,2065,2065,SS-MILP,PASS,0,1.161244372377169,13.280145347607363,21.558610280015465,0.05330910873210618,0.14023161999742215,0.19354072872952832,0.0,0.325061559677124,common_replication_seed
EJOR-SECTION52-PROTOCOL,4,15,5,2075,2075,DE-MILP,PASS,1,0.23586030478823972,13.364139695211753,22.4,0.039310050798040876,0.0,0.039310050798040876,0.0,0.07125186920166016,common_replication_seed
EJOR-SECTION52-PROTOCOL,4,15,5,2075,2075,SS-BW,PASS,0,5.99091384796597,7.60908615203403,22.4,0.9984856413276616,0.0,0.9984856413276616,0.0,0.0009996891021728516,common_replication_seed
EJOR-SECTION52-PROTOCOL,4,15,5,2075,2075,SS-MILP,PASS,0,3.182124222666843,13.364139695211755,19.4537360821214,0.039310050798040806,0.4910439863130998,0.5303540371111406,0.0,0.01699542999267578,common_replication_seed
EJOR-SECTION52-PROTOCOL,4,50,5,2075,2075,DE-MILP,PASS,1,0.26870480592810964,13.331295194071888,22.4,0.04478413432135216,0.0,0.04478413432135216,0.0,0.3006265163421631,common_replication_seed
EJOR-SECTION52-PROTOCOL,4,50,5,2075,2075,SS-BW,PASS,0,5.985396935749275,7.614603064250724,22.4,0.9975661559582125,0.0,0.9975661559582125,0.0,0.0,common_replication_seed
EJOR-SECTION52-PROTOCOL,4,50,5,2075,2075,SS-MILP,PASS,0,3.190293933653443,13.328151442468068,19.48155462387849,0.045308092921988896,0.4864075626869179,0.5317156556089069,0.0,0.0390019416809082,common_replication_seed
EJOR-SECTION52-PROTOCOL,4,200,5,2075,2075,DE-MILP,PASS,1,0.30786417556843304,13.292135824431565,22.4,0.05131069592807258,0.0,0.05131069592807258,0.0,4.794002294540405,common_replication_seed
EJOR-SECTION52-PROTOCOL,4,200,5,2075,2075,SS-BW,PASS,0,5.955912946568819,7.64408705343118,22.4,0.9926521577614699,0.0,0.9926521577614699,0.0,0.0010004043579101562,common_replication_seed
EJOR-SECTION52-PROTOCOL,4,200,5,2075,2075,SS-MILP,PASS,0,3.223386757058101,13.283889350618018,19.492723892323884,0.05268510823033031,0.48454601794601926,0.5372311261763496,0.0,0.12958359718322754,common_replication_seed
EJOR-SECTION52-PROTOCOL,4,500,5,2075,2075,DE-MILP,PASS,1,0.3044410518350702,13.295558948164931,22.4,0.05074017530584481,0.0,0.05074017530584481,0.0,46.20275688171387,common_replication_seed
EJOR-SECTION52-PROTOCOL,4,500,5,2075,2075,SS-BW,PASS,0,5.9673927148094315,7.632607285190568,22.4,0.9945654524682386,0.0,0.9945654524682386,0.0,0.0,common_replication_seed
EJOR-SECTION52-PROTOCOL,4,500,5,2075,2075,SS-MILP,PASS,0,1.153382796226488,13.295558948164931,21.551058255608584,0.05074017530584481,0.1414902907319023,0.19223046603774713,0.0,0.33351612091064453,common_replication_seed
EJOR-SECTION52-PROTOCOL,4,15,6,2085,2085,DE-MILP,PASS,1,0.454823046030711,13.145176953969294,22.4,0.0758038410051179,0.0,0.0758038410051179,0.0,0.06556010246276855,common_replication_seed
EJOR-SECTION52-PROTOCOL,4,15,6,2085,2085,SS-BW,PASS,0,5.978481812418629,7.621518187581371,22.4,0.9964136354031048,0.0,0.9964136354031048,0.0,0.0,common_replication_seed
EJOR-SECTION52-PROTOCOL,4,15,6,2085,2085,SS-MILP,PASS,0,1.3121496288063526,13.145176953969294,21.542673417224353,0.0758038410051179,0.14288776379594084,0.21869160480105876,0.0,0.015999794006347656,common_replication_seed
EJOR-SECTION52-PROTOCOL,4,50,6,2085,2085,DE-MILP,PASS,1,0.3903340226819694,13.209665977318027,22.4,0.06505567044699549,0.0,0.06505567044699549,0.0,0.34770989418029785,common_replication_seed
EJOR-SECTION52-PROTOCOL,4,50,6,2085,2085,SS-BW,PASS,0,5.9271129560614675,7.672887043938534,22.4,0.9878521593435776,0.0,0.9878521593435776,0.0,0.0,common_replication_seed
EJOR-SECTION52-PROTOCOL,4,50,6,2085,2085,SS-MILP,PASS,0,3.3129474394058676,13.209665977318027,19.477386583276104,0.06505567044699549,0.4871022361206491,0.5521579065676446,0.0,0.033998966217041016,common_replication_seed
EJOR-SECTION52-PROTOCOL,4,200,6,2085,2085,DE-MILP,PASS,1,0.31197546256419884,13.288024537435795,22.4,0.0519959104273671,0.0,0.0519959104273671,0.0,5.828022480010986,common_replication_seed
EJOR-SECTION52-PROTOCOL,4,200,6,2085,2085,SS-BW,PASS,0,6.000863390836777,7.599136609163223,22.4,1.0001438984727962,0.0,1.0001438984727962,0.0,0.0010004043579101562,common_replication_seed
EJOR-SECTION52-PROTOCOL,4,200,6,2085,2085,SS-MILP,PASS,0,3.220788279779299,13.288024537435795,19.491187182784905,0.0519959104273671,0.48480213620251544,0.5367980466298825,0.0,0.12256574630737305,common_replication_seed
EJOR-SECTION52-PROTOCOL,4,500,6,2085,2085,DE-MILP,PASS,1,0.32360864874617334,13.27639135125382,22.4,0.05393477479102996,0.0,0.05393477479102996,0.0,26.5972421169281,common_replication_seed
EJOR-SECTION52-PROTOCOL,4,500,6,2085,2085,SS-BW,PASS,0,6.001005724353277,7.598994275646724,22.4,1.0001676207255459,0.0,1.0001676207255459,0.0,0.0009980201721191406,common_replication_seed
EJOR-SECTION52-PROTOCOL,4,500,6,2085,2085,SS-MILP,PASS,0,3.2257614170143043,13.276391351253842,19.49784723173185,0.05393477479102604,0.4836921280446913,0.5376269028357173,0.0,0.31874918937683105,common_replication_seed
EJOR-SECTION52-PROTOCOL,4,15,7,2095,2095,DE-MILP,PASS,1,0.2990352831279637,13.300964716872034,22.4,0.0498392138546608,0.0,0.0498392138546608,0.0,0.05600285530090332,common_replication_seed
EJOR-SECTION52-PROTOCOL,4,15,7,2095,2095,SS-BW,PASS,0,5.9471455325368225,7.652854467463179,22.4,0.9911909220894701,0.0,0.9911909220894701,0.0,0.0,common_replication_seed
EJOR-SECTION52-PROTOCOL,4,15,7,2095,2095,SS-MILP,PASS,0,1.1723983209467406,13.300964716872034,21.52663696218122,0.0498392138546608,0.14556050630312947,0.19539972015779028,0.0,0.016997098922729492,common_replication_seed
EJOR-SECTION52-PROTOCOL,4,50,7,2095,2095,DE-MILP,PASS,1,0.3314158046258413,13.26858419537416,22.4,0.055235967437639776,0.0,0.055235967437639776,0.0,0.36667442321777344,common_replication_seed
EJOR-SECTION52-PROTOCOL,4,50,7,2095,2095,SS-BW,PASS,0,6.033995170509389,7.56600482949061,22.4,1.005665861751565,0.0,1.005665861751565,0.0,0.0,common_replication_seed
EJOR-SECTION52-PROTOCOL,4,50,7,2095,2095,SS-MILP,PASS,0,1.1791390575055303,13.26858419537416,21.55227674712031,0.055235967437639776,0.14128720881328172,0.1965231762509215,0.0,0.03662371635437012,common_replication_seed
EJOR-SECTION52-PROTOCOL,4,200,7,2095,2095,DE-MILP,PASS,1,0.3075304397300087,13.292469560269993,22.4,0.05125507328833456,0.0,0.05125507328833456,0.0,4.94051194190979,common_replication_seed
EJOR-SECTION52-PROTOCOL,4,200,7,2095,2095,SS-BW,PASS,0,6.0212895942414875,7.578710405758512,22.4,1.0035482657069146,0.0,1.0035482657069146,0.0,0.0010025501251220703,common_replication_seed
EJOR-SECTION52-PROTOCOL,4,200,7,2095,2095,SS-MILP,PASS,0,1.1563544357828235,13.292469560269993,21.551176003947187,0.05125507328833456,0.14147066600880173,0.1927257392971363,0.0,0.12950944900512695,common_replication_seed
EJOR-SECTION52-PROTOCOL,4,500,7,2095,2095,DE-MILP,PASS,1,0.30533069539932,13.29466930460068,22.4,0.050888449233219925,0.0,0.050888449233219925,0.0,23.806235551834106,common_replication_seed
EJOR-SECTION52-PROTOCOL,4,500,7,2095,2095,SS-BW,PASS,0,6.0089582535011345,7.591041746498867,22.4,1.0014930422501889,0.0,1.0014930422501889,0.0,0.0,common_replication_seed
EJOR-SECTION52-PROTOCOL,4,500,7,2095,2095,SS-MILP,PASS,0,3.208517568425364,13.29466930460068,19.496813126973958,0.050888449233219925,0.48386447883767375,0.5347529280708937,0.0,0.3156728744506836,common_replication_seed
EJOR-SECTION52-PROTOCOL,4,15,8,2105,2105,DE-MILP,PASS,1,0.21250479071515116,13.387495209284845,22.4,0.0354174651191926,0.0,0.0354174651191926,0.0,0.05759596824645996,common_replication_seed
EJOR-SECTION52-PROTOCOL,4,15,8,2105,2105,SS-BW,PASS,0,5.957863957747595,7.642136042252405,22.4,0.9929773262912658,0.0,0.9929773262912658,0.0,0.0,common_replication_seed
EJOR-SECTION52-PROTOCOL,4,15,8,2105,2105,SS-MILP,PASS,0,1.072074879669536,13.387495209284845,21.540429911045617,0.0354174651191926,0.14326168149239704,0.17867914661158965,0.0,0.01699972152709961,common_replication_seed
EJOR-SECTION52-PROTOCOL,4,50,8,2105,2105,DE-MILP,PASS,1,0.28334726473429583,13.3166527352657,22.4,0.04722454412238297,0.0,0.04722454412238297,0.0,0.37903857231140137,common_replication_seed
EJOR-SECTION52-PROTOCOL,4,50,8,2105,2105,SS-BW,PASS,0,5.916404849656388,7.68359515034361,22.4,0.9860674749427316,0.0,0.9860674749427316,0.0,0.0,common_replication_seed
EJOR-SECTION52-PROTOCOL,4,50,8,2105,2105,SS-MILP,PASS,0,3.176752395690343,13.3166527352657,19.50659486904395,0.04722454412238297,0.48223418849267446,0.5294587326150575,0.0,0.038002729415893555,common_replication_seed
EJOR-SECTION52-PROTOCOL,4,200,8,2105,2105,DE-MILP,PASS,1,0.2991587710250698,13.300841228974928,22.4,0.04985979517084527,0.0,0.04985979517084527,0.0,5.131561994552612,common_replication_seed
EJOR-SECTION52-PROTOCOL,4,200,8,2105,2105,SS-BW,PASS,0,5.978165972496399,7.621834027503601,22.4,0.9963609954160665,0.0,0.9963609954160665,0.0,0.0010035037994384766,common_replication_seed
EJOR-SECTION52-PROTOCOL,4,200,8,2105,2105,SS-MILP,PASS,0,3.2458820515934974,13.247607277957886,19.506510670448616,0.05873212034035199,0.48224822159189734,0.5409803419322493,0.0,0.12448501586914062,common_replication_seed
EJOR-SECTION52-PROTOCOL,4,500,8,2105,2105,DE-MILP,PASS,1,0.3158324082977586,13.284167591702241,22.4,0.052638734716293434,0.0,0.052638734716293434,0.0,25.720643997192383,common_replication_seed
EJOR-SECTION52-PROTOCOL,4,500,8,2105,2105,SS-BW,PASS,0,5.978135541140087,7.621864458859911,22.4,0.996355923523348,0.0,0.996355923523348,0.0,0.0010004043579101562,common_replication_seed
EJOR-SECTION52-PROTOCOL,4,500,8,2105,2105,SS-MILP,PASS,0,3.2112567216288,13.284167591702241,19.50457568666896,0.052638734716293434,0.48257071888850644,0.5352094536047999,0.0,0.30309605598449707,common_replication_seed
EJOR-SECTION52-PROTOCOL,4,15,9,2115,2115,DE-MILP,PASS,1,0.2771150341869202,13.32288496581308,22.4,0.04618583903115314,0.0,0.04618583903115314,0.0,0.06751322746276855,common_replication_seed
EJOR-SECTION52-PROTOCOL,4,15,9,2115,2115,SS-BW,PASS,0,5.900385320492102,7.699614679507899,22.4,0.9833975534153501,0.0,0.9833975534153501,0.0,0.0,common_replication_seed
EJOR-SECTION52-PROTOCOL,4,15,9,2115,2115,SS-MILP,PASS,0,1.1168075962715776,13.32288496581308,21.56030743791534,0.04618583903115314,0.13994876034744289,0.18613459937859603,0.0,0.0160219669342041,common_replication_seed
EJOR-SECTION52-PROTOCOL,4,50,9,2115,2115,DE-MILP,PASS,1,0.2940127430475954,13.3059872569524,22.4,0.04900212384126649,0.0,0.04900212384126649,0.0,0.3495981693267822,common_replication_seed
EJOR-SECTION52-PROTOCOL,4,50,9,2115,2115,SS-BW,PASS,0,5.894547628430384,7.705452371569615,22.4,0.9824246047383974,0.0,0.9824246047383974,0.0,0.0,common_replication_seed
EJOR-SECTION52-PROTOCOL,4,50,9,2115,2115,SS-MILP,PASS,0,3.211573358701031,13.293027311718742,19.495399329580227,0.051162114713543115,0.4841001117366286,0.5352622264501717,0.0,0.03800201416015625,common_replication_seed
EJOR-SECTION52-PROTOCOL,4,200,9,2115,2115,DE-MILP,PASS,1,0.2887717940737389,13.311228205926266,22.4,0.04812863234562248,0.0,0.04812863234562248,0.0,4.855531692504883,common_replication_seed
EJOR-SECTION52-PROTOCOL,4,200,9,2115,2115,SS-BW,PASS,0,5.948240487044647,7.651759512955355,22.4,0.9913734145074408,0.0,0.9913734145074408,0.0,0.0,common_replication_seed
EJOR-SECTION52-PROTOCOL,4,200,9,2115,2115,SS-MILP,PASS,0,3.1852209339049367,13.311228205926266,19.5035508601688,0.04812863234562248,0.48274152330519965,0.5308701556508222,0.0,0.12600040435791016,common_replication_seed
EJOR-SECTION52-PROTOCOL,4,500,9,2115,2115,DE-MILP,PASS,1,0.29170615906761554,13.308293840932386,22.4,0.04861769317793566,0.0,0.04861769317793566,0.0,32.258208990097046,common_replication_seed
EJOR-SECTION52-PROTOCOL,4,500,9,2115,2115,SS-BW,PASS,0,5.956321595274282,7.643678404725718,22.4,0.992720265879047,0.0,0.992720265879047,0.0,0.0,common_replication_seed
EJOR-SECTION52-PROTOCOL,4,500,9,2115,2115,SS-MILP,PASS,0,1.1586789084879783,13.275525994441486,21.56579509707054,0.05407900092641912,0.13903415048824322,0.19311315141466234,0.0,0.36829090118408203,common_replication_seed
