protocol_version,J,K,rep,seed_service,seed_lateness,method,patient,attended_stages,direct_burden,indirect_burden,total_burden,scenario_seed_mode
EJOR-SECTION52-PROTOCOL,4,15,0,2025,2025,DE-MILP,0,1,0.1064939865359642,0.0,0.1064939865359642,common_replication_seed
EJOR-SECTION52-PROTOCOL,4,15,0,2025,2025,DE-MILP,1,1,0.0,0.0,0.0,common_replication_seed
EJOR-SECTION52-PROTOCOL,4,15,0,2025,2025,DE-MILP,2,2,0.0,0.0,0.0,common_replication_seed
EJOR-SECTION52-PROTOCOL,4,15,0,2025,2025,DE-MILP,3,2,0.051969542918622214,0.0,0.051969542918622214,common_replication_seed
EJOR-SECTION52-PROTOCOL,4,15,0,2025,2025,SS-BW,0,1,0.0,0.0,0.0,common_replication_seed
EJOR-SECTION52-PROTOCOL,4,15,0,2025,2025,SS-BW,1,1,1.866303024749817,0.0,1.866303024749817,common_replication_seed
EJOR-SECTION52-PROTOCOL,4,15,0,2025,2025,SS-BW,2,2,0.0,0.0,0.0,common_replication_seed
EJOR-SECTION52-PROTOCOL,4,15,0,2025,2025,SS-BW,3,2,4.099729193810597,0.0,4.099729193810597,common_replication_seed
EJOR-SECTION52-PROTOCOL,4,15,0,2025,2025,SS-MILP,0,1,0.0,0.0,0.0,common_replication_seed
EJOR-SECTION52-PROTOCOL,4,15,0,2025,2025,SS-MILP,1,1,0.16642898058961997,0.0,0.16642898058961997,common_replication_seed
EJOR-SECTION52-PROTOCOL,4,15,0,2025,2025,SS-MILP,2,2,0.0,0.0,0.0,common_replication_seed
EJOR-SECTION52-PROTOCOL,4,15,0,2025,2025,SS-MILP,3,2,0.051969542918622214,0.8631423236828275,0.9151118666014497,common_replication_seed
EJOR-SECTION52-PROTOCOL,4,50,0,2025,2025,DE-MILP,0,1,0.21974530617048504,0.0,0.21974530617048504,common_replication_seed
EJOR-SECTION52-PROTOCOL,4,50,0,2025,2025,DE-MILP,1,1,0.0,0.0,0.0,common_replication_seed
EJOR-SECTION52-PROTOCOL,4,50,0,2025,2025,DE-MILP,2,2,0.05228572999688641,0.0,0.05228572999688641,common_replication_seed
EJOR-SECTION52-PROTOCOL,4,50,0,2025,2025,DE-MILP,3,2,0.0,0.0,0.0,common_replication_seed
EJOR-SECTION52-PROTOCOL,4,50,0,2025,2025,SS-BW,0,1,0.0,0.0,0.0,common_replication_seed
EJOR-SECTION52-PROTOCOL,4,50,0,2025,2025,SS-BW,1,1,2.0,0.0,2.0,common_replication_seed
EJOR-SECTION52-PROTOCOL,4,50,0,2025,2025,SS-BW,2,2,0.0,0.0,0.0,common_replication_seed
EJOR-SECTION52-PROTOCOL,4,50,0,2025,2025,SS-BW,3,2,3.9787727150833563,0.0,3.9787727150833563,common_replication_seed
EJOR-SECTION52-PROTOCOL,4,50,0,2025,2025,SS-MILP,0,1,0.21974530617048504,0.0,0.21974530617048504,common_replication_seed
EJOR-SECTION52-PROTOCOL,4,50,0,2025,2025,SS-MILP,1,1,0.0,0.0,0.0,common_replication_seed
EJOR-SECTION52-PROTOCOL,4,50,0,2025,2025,SS-MILP,2,2,0.05228572999688641,0.8455452154030678,0.8978309453999542,common_replication_seed
EJOR-SECTION52-PROTOCOL,4,50,0,2025,2025,SS-MILP,3,2,0.0,0.0,0.0,common_replication_seed
EJOR-SECTION52-PROTOCOL,4,200,0,2025,2025,DE-MILP,0,1,0.24316403808655518,0.0,0.24316403808655518,common_replication_seed
EJOR-SECTION52-PROTOCOL,4,200,0,2025,2025,DE-MILP,1,1,0.0,0.0,0.0,common_replication_seed
EJOR-SECTION52-PROTOCOL,4,200,0,2025,2025,DE-MILP,2,2,0.0,0.0,0.0,common_replication_seed
EJOR-SECTION52-PROTOCOL,4,200,0,2025,2025,DE-MILP,3,2,0.04571584254308103,0.0,0.04571584254308103,common_replication_seed
EJOR-SECTION52-PROTOCOL,4,200,0,2025,2025,SS-BW,0,1,0.0,0.0,0.0,common_replication_seed
EJOR-SECTION52-PROTOCOL,4,200,0,2025,2025,SS-BW,1,1,2.0,0.0,2.0,common_replication_seed
EJOR-SECTION52-PROTOCOL,4,200,0,2025,2025,SS-BW,2,2,0.0,0.0,0.0,common_replication_seed
EJOR-SECTION52-PROTOCOL,4,200,0,2025,2025,SS-BW,3,2,3.9667816716354958,0.0,3.9667816716354958,common_replication_seed
EJOR-SECTION52-PROTOCOL,4,200,0,2025,2025,SS-MILP,0,1,0.24316403808655518,0.0,0.24316403808655518,common_replication_seed
EJOR-SECTION52-PROTOCOL,4,200,0,2025,2025,SS-MILP,1,1,0.0,0.0,0.0,common_replication_seed
EJOR-SECTION52-PROTOCOL,4,200,0,2025,2025,SS-MILP,2,2,0.0,2.9115699350199473,2.9115699350199473,common_replication_seed
EJOR-SECTION52-PROTOCOL,4,200,0,2025,2025,SS-MILP,3,2,0.04571584254308103,0.0,0.04571584254308103,common_replication_seed
EJOR-SECTION52-PROTOCOL,4,500,0,2025,2025,DE-MILP,0,1,0.2622923536368176,0.0,0.2622923536368176,common_replication_seed
EJOR-SECTION52-PROTOCOL,4,500,0,2025,2025,DE-MILP,1,1,0.0,0.0,0.0,common_replication_seed
EJOR-SECTION52-PROTOCOL,4,500,0,2025,2025,DE-MILP,2,2,0.0,0.0,0.0,common_replication_seed
EJOR-SECTION52-PROTOCOL,4,500,0,2025,2025,DE-MILP,3,2,0.04889859636701077,0.0,0.04889859636701077,common_replication_seed
EJOR-SECTION52-PROTOCOL,4,500,0,2025,2025,SS-BW,0,1,0.0,0.0,0.0,common_replication_seed
EJOR-SECTION52-PROTOCOL,4,500,0,2025,2025,SS-BW,1,1,1.9999999999999998,0.0,1.9999999999999998,common_replication_seed
EJOR-SECTION52-PROTOCOL,4,500,0,2025,2025,SS-BW,2,2,0.0,0.0,0.0,common_replication_seed
EJOR-SECTION52-PROTOCOL,4,500,0,2025,2025,SS-BW,3,2,4.002575574358138,0.0,4.002575574358138,common_replication_seed
EJOR-SECTION52-PROTOCOL,4,500,0,2025,2025,SS-MILP,0,1,0.2622923536368176,0.0,0.2622923536368176,common_replication_seed
EJOR-SECTION52-PROTOCOL,4,500,0,2025,2025,SS-MILP,1,1,0.0,0.0,0.0,common_replication_seed
EJOR-SECTION52-PROTOCOL,4,500,0,2025,2025,SS-MILP,2,2,0.0,2.904873332781287,2.904873332781287,common_replication_seed
EJOR-SECTION52-PROTOCOL,4,500,0,2025,2025,SS-MILP,3,2,0.04889859636701077,0.0,0.04889859636701077,common_replication_seed
EJOR-SECTION52-PROTOCOL,4,15,1,2035,2035,DE-MILP,0,1,0.22020395229643341,0.0,0.22020395229643341,common_replication_seed
EJOR-SECTION52-PROTOCOL,4,15,1,2035,2035,DE-MILP,1,1,0.0,0.0,0.0,common_replication_seed
EJOR-SECTION52-PROTOCOL,4,15,1,2035,2035,DE-MILP,2,2,0.0,0.0,0.0,common_replication_seed
EJOR-SECTION52-PROTOCOL,4,15,1,2035,2035,DE-MILP,3,2,0.058265283569035375,0.0,0.058265283569035375,common_replication_seed
EJOR-SECTION52-PROTOCOL,4,15,1,2035,2035,SS-BW,0,1,0.0,0.0,0.0,common_replication_seed
EJOR-SECTION52-PROTOCOL,4,15,1,2035,2035,SS-BW,1,1,2.0,0.0,2.0,common_replication_seed
EJOR-SECTION52-PROTOCOL,4,15,1,2035,2035,SS-BW,2,2,0.0,0.0,0.0,common_replication_seed
EJOR-SECTION52-PROTOCOL,4,15,1,2035,2035,SS-BW,3,2,4.083172527552028,0.0,4.083172527552028,common_replication_seed
EJOR-SECTION52-PROTOCOL,4,15,1,2035,2035,SS-MILP,0,1,0.22020395229643341,0.0,0.22020395229643341,common_replication_seed
EJOR-SECTION52-PROTOCOL,4,15,1,2035,2035,SS-MILP,1,1,0.0,0.0,0.0,common_replication_seed
EJOR-SECTION52-PROTOCOL,4,15,1,2035,2035,SS-MILP,2,2,0.0,0.0,0.0,common_replication_seed
EJOR-SECTION52-PROTOCOL,4,15,1,2035,2035,SS-MILP,3,2,0.0582652835690336,0.8311358737772268,0.8894011573462604,common_replication_seed
EJOR-SECTION52-PROTOCOL,4,50,1,2035,2035,DE-MILP,0,1,0.18613187173008838,0.0,0.18613187173008838,common_replication_seed
EJOR-SECTION52-PROTOCOL,4,50,1,2035,2035,DE-MILP,1,1,0.0,0.0,0.0,common_replication_seed
EJOR-SECTION52-PROTOCOL,4,50,1,2035,2035,DE-MILP,2,2,0.0,0.0,0.0,common_replication_seed
EJOR-SECTION52-PROTOCOL,4,50,1,2035,2035,DE-MILP,3,2,0.042612068736642694,0.0,0.042612068736642694,common_replication_seed
EJOR-SECTION52-PROTOCOL,4,50,1,2035,2035,SS-BW,0,1,0.0,0.0,0.0,common_replication_seed
EJOR-SECTION52-PROTOCOL,4,50,1,2035,2035,SS-BW,1,1,1.934058430592314,0.0,1.934058430592314,common_replication_seed
EJOR-SECTION52-PROTOCOL,4,50,1,2035,2035,SS-BW,2,2,0.0,0.0,0.0,common_replication_seed
EJOR-SECTION52-PROTOCOL,4,50,1,2035,2035,SS-BW,3,2,4.0780095152430285,0.0,4.0780095152430285,common_replication_seed
EJOR-SECTION52-PROTOCOL,4,50,1,2035,2035,SS-MILP,0,1,0.18613187173008838,0.0,0.18613187173008838,common_replication_seed
EJOR-SECTION52-PROTOCOL,4,50,1,2035,2035,SS-MILP,1,1,0.0,0.0,0.0,common_replication_seed
EJOR-SECTION52-PROTOCOL,4,50,1,2035,2035,SS-MILP,2,2,0.0,2.9123822332271354,2.9123822332271354,common_replication_seed
EJOR-SECTION52-PROTOCOL,4,50,1,2035,2035,SS-MILP,3,2,0.042612068736642694,0.0,0.042612068736642694,common_replication_seed
EJOR-SECTION52-PROTOCOL,4,200,1,2035,2035,DE-MILP,0,1,0.0,0.0,0.0,common_replication_seed
EJOR-SECTION52-PROTOCOL,4,200,1,2035,2035,DE-MILP,1,1,0.22951976135936958,0.0,0.22951976135936958,common_replication_seed
EJOR-SECTION52-PROTOCOL,4,200,1,2035,2035,DE-MILP,2,2,0.0,0.0,0.0,common_replication_seed
EJOR-SECTION52-PROTOCOL,4,200,1,2035,2035,DE-MILP,3,2,0.04497356964843302,0.0,0.04497356964843302,common_replication_seed
EJOR-SECTION52-PROTOCOL,4,200,1,2035,2035,SS-BW,0,1,0.0,0.0,0.0,common_replication_seed
EJOR-SECTION52-PROTOCOL,4,200,1,2035,2035,SS-BW,1,1,1.9478015841971041,0.0,1.9478015841971041,common_replication_seed
EJOR-SECTION52-PROTOCOL,4,200,1,2035,2035,SS-BW,2,2,0.0,0.0,0.0,common_replication_seed
EJOR-SECTION52-PROTOCOL,4,200,1,2035,2035,SS-BW,3,2,3.977130566812728,0.0,3.977130566812728,common_replication_seed
EJOR-SECTION52-PROTOCOL,4,200,1,2035,2035,SS-MILP,0,1,0.25583516589402144,0.0,0.25583516589402144,common_replication_seed
EJOR-SECTION52-PROTOCOL,4,200,1,2035,2035,SS-MILP,1,1,0.0,0.0,0.0,common_replication_seed
EJOR-SECTION52-PROTOCOL,4,200,1,2035,2035,SS-MILP,2,2,0.0,2.904629379715174,2.904629379715174,common_replication_seed
EJOR-SECTION52-PROTOCOL,4,200,1,2035,2035,SS-MILP,3,2,0.04497356964843302,0.0,0.04497356964843302,common_replication_seed
EJOR-SECTION52-PROTOCOL,4,500,1,2035,2035,DE-MILP,0,1,0.0,0.0,0.0,common_replication_seed
EJOR-SECTION52-PROTOCOL,4,500,1,2035,2035,DE-MILP,1,1,0.24465981279903204,0.0,0.24465981279903204,common_replication_seed
EJOR-SECTION52-PROTOCOL,4,500,1,2035,2035,DE-MILP,2,2,0.0,0.0,0.0,common_replication_seed
EJOR-SECTION52-PROTOCOL,4,500,1,2035,2035,DE-MILP,3,2,0.04870066632098036,0.0,0.04870066632098036,common_replication_seed
EJOR-SECTION52-PROTOCOL,4,500,1,2035,2035,SS-BW,0,1,0.0,0.0,0.0,common_replication_seed
EJOR-SECTION52-PROTOCOL,4,500,1,2035,2035,SS-BW,1,1,1.9516034381298277,0.0,1.9516034381298277,common_replication_seed
EJOR-SECTION52-PROTOCOL,4,500,1,2035,2035,SS-BW,2,2,0.0,0.0,0.0,common_replication_seed
EJOR-SECTION52-PROTOCOL,4,500,1,2035,2035,SS-BW,3,2,4.000046711929025,0.0,4.000046711929025,common_replication_seed
EJOR-SECTION52-PROTOCOL,4,500,1,2035,2035,SS-MILP,0,1,0.0,0.0,0.0,common_replication_seed
EJOR-SECTION52-PROTOCOL,4,500,1,2035,2035,SS-MILP,1,1,0.24465981279903204,0.0,0.24465981279903204,common_replication_seed
EJOR-SECTION52-PROTOCOL,4,500,1,2035,2035,SS-MILP,2,2,0.0,2.900706977096578,2.900706977096578,common_replication_seed
EJOR-SECTION52-PROTOCOL,4,500,1,2035,2035,SS-MILP,3,2,0.04870066632098036,0.0,0.04870066632098036,common_replication_seed
EJOR-SECTION52-PROTOCOL,4,15,2,2045,2045,DE-MILP,0,1,0.0,0.0,0.0,common_replication_seed
EJOR-SECTION52-PROTOCOL,4,15,2,2045,2045,DE-MILP,1,1,0.04925313311443702,0.0,0.04925313311443702,common_replication_seed
EJOR-SECTION52-PROTOCOL,4,15,2,2045,2045,DE-MILP,2,2,0.06235896952660669,0.0,0.06235896952660669,common_replication_seed
EJOR-SECTION52-PROTOCOL,4,15,2,2045,2045,DE-MILP,3,2,0.0,0.0,0.0,common_replication_seed
EJOR-SECTION52-PROTOCOL,4,15,2,2045,2045,SS-BW,0,1,0.0,0.0,0.0,common_replication_seed
EJOR-SECTION52-PROTOCOL,4,15,2,2045,2045,SS-BW,1,1,1.6788821594770134,0.0,1.6788821594770134,common_replication_seed
EJOR-SECTION52-PROTOCOL,4,15,2,2045,2045,SS-BW,2,2,0.0,0.0,0.0,common_replication_seed
EJOR-SECTION52-PROTOCOL,4,15,2,2045,2045,SS-BW,3,2,4.0160853264940775,0.0,4.0160853264940775,common_replication_seed
EJOR-SECTION52-PROTOCOL,4,15,2,2045,2045,SS-MILP,0,1,0.0,0.0,0.0,common_replication_seed
EJOR-SECTION52-PROTOCOL,4,15,2,2045,2045,SS-MILP,1,1,0.04925313311443702,0.0,0.04925313311443702,common_replication_seed
EJOR-SECTION52-PROTOCOL,4,15,2,2045,2045,SS-MILP,2,2,0.06235896952660669,0.8339034733136743,0.896262442840281,common_replication_seed
EJOR-SECTION52-PROTOCOL,4,15,2,2045,2045,SS-MILP,3,2,0.0,0.0,0.0,common_replication_seed
EJOR-SECTION52-PROTOCOL,4,50,2,2045,2045,DE-MILP,0,1,0.0,0.0,0.0,common_replication_seed
EJOR-SECTION52-PROTOCOL,4,50,2,2045,2045,DE-MILP,1,1,0.12421578318390303,0.0,0.12421578318390303,common_replication_seed
EJOR-SECTION52-PROTOCOL,4,50,2,2045,2045,DE-MILP,2,2,0.0,0.0,0.0,common_replication_seed
EJOR-SECTION52-PROTOCOL,4,50,2,2045,2045,DE-MILP,3,2,0.06126651736164401,0.0,0.06126651736164401,common_replication_seed
EJOR-SECTION52-PROTOCOL,4,50,2,2045,2045,SS-BW,0,1,0.0,0.0,0.0,common_replication_seed
EJOR-SECTION52-PROTOCOL,4,50,2,2045,2045,SS-BW,1,1,1.8022953649091855,0.0,1.8022953649091855,common_replication_seed
EJOR-SECTION52-PROTOCOL,4,50,2,2045,2045,SS-BW,2,2,0.0,0.0,0.0,common_replication_seed
EJOR-SECTION52-PROTOCOL,4,50,2,2045,2045,SS-BW,3,2,4.012680873504486,0.0,4.012680873504486,common_replication_seed
EJOR-SECTION52-PROTOCOL,4,50,2,2045,2045,SS-MILP,0,1,0.22477465915702144,0.0,0.22477465915702144,common_replication_seed
EJOR-SECTION52-PROTOCOL,4,50,2,2045,2045,SS-MILP,1,1,0.0,0.0,0.0,common_replication_seed
EJOR-SECTION52-PROTOCOL,4,50,2,2045,2045,SS-MILP,2,2,0.0,2.9055188677550445,2.9055188677550445,common_replication_seed
EJOR-SECTION52-PROTOCOL,4,50,2,2045,2045,SS-MILP,3,2,0.06126651736164401,0.0,0.06126651736164401,common_replication_seed
EJOR-SECTION52-PROTOCOL,4,200,2,2045,2045,DE-MILP,0,1,0.0,0.0,0.0,common_replication_seed
EJOR-SECTION52-PROTOCOL,4,200,2,2045,2045,DE-MILP,1,1,0.22493967901083467,0.0,0.22493967901083467,common_replication_seed
EJOR-SECTION52-PROTOCOL,4,200,2,2045,2045,DE-MILP,2,2,0.049947818046636616,0.0,0.049947818046636616,common_replication_seed
EJOR-SECTION52-PROTOCOL,4,200,2,2045,2045,DE-MILP,3,2,0.0,0.0,0.0,common_replication_seed
EJOR-SECTION52-PROTOCOL,4,200,2,2045,2045,SS-BW,0,1,0.0,0.0,0.0,common_replication_seed
EJOR-SECTION52-PROTOCOL,4,200,2,2045,2045,SS-BW,1,1,1.9551442754503081,0.0,1.9551442754503081,common_replication_seed
EJOR-SECTION52-PROTOCOL,4,200,2,2045,2045,SS-BW,2,2,0.0,0.0,0.0,common_replication_seed
EJOR-SECTION52-PROTOCOL,4,200,2,2045,2045,SS-BW,3,2,3.9696955490779886,0.0,3.9696955490779886,common_replication_seed
EJOR-SECTION52-PROTOCOL,4,200,2,2045,2045,SS-MILP,0,1,0.23946700735892268,0.0,0.23946700735892268,common_replication_seed
EJOR-SECTION52-PROTOCOL,4,200,2,2045,2045,SS-MILP,1,1,0.0,0.0,0.0,common_replication_seed
EJOR-SECTION52-PROTOCOL,4,200,2,2045,2045,SS-MILP,2,2,0.049947818046636616,0.0,0.049947818046636616,common_replication_seed
EJOR-SECTION52-PROTOCOL,4,200,2,2045,2045,SS-MILP,3,2,0.0,2.9066713142090777,2.9066713142090777,common_replication_seed
EJOR-SECTION52-PROTOCOL,4,500,2,2045,2045,DE-MILP,0,1,0.2620528077773243,0.0,0.2620528077773243,common_replication_seed
EJOR-SECTION52-PROTOCOL,4,500,2,2045,2045,DE-MILP,1,1,0.0,0.0,0.0,common_replication_seed
EJOR-SECTION52-PROTOCOL,4,500,2,2045,2045,DE-MILP,2,2,0.049530475982795696,0.0,0.049530475982795696,common_replication_seed
EJOR-SECTION52-PROTOCOL,4,500,2,2045,2045,DE-MILP,3,2,0.0,0.0,0.0,common_replication_seed
EJOR-SECTION52-PROTOCOL,4,500,2,2045,2045,SS-BW,0,1,0.0,0.0,0.0,common_replication_seed
EJOR-SECTION52-PROTOCOL,4,500,2,2045,2045,SS-BW,1,1,2.0,0.0,2.0,common_replication_seed
EJOR-SECTION52-PROTOCOL,4,500,2,2045,2045,SS-BW,2,2,0.0,0.0,0.0,common_replication_seed
EJOR-SECTION52-PROTOCOL,4,500,2,2045,2045,SS-BW,3,2,3.9916578778362446,0.0,3.9916578778362446,common_replication_seed
EJOR-SECTION52-PROTOCOL,4,500,2,2045,2045,SS-MILP,0,1,0.2620528077773243,0.0,0.2620528077773243,common_replication_seed
EJOR-SECTION52-PROTOCOL,4,500,2,2045,2045,SS-MILP,1,1,0.0,0.0,0.0,common_replication_seed
EJOR-SECTION52-PROTOCOL,4,500,2,2045,2045,SS-MILP,2,2,0.049530475982795696,0.851265090010501,0.9007955659932967,common_replication_seed
EJOR-SECTION52-PROTOCOL,4,500,2,2045,2045,SS-MILP,3,2,0.0,0.0,0.0,common_replication_seed
EJOR-SECTION52-PROTOCOL,4,15,3,2055,2055,DE-MILP,0,1,0.0,0.0,0.0,common_replication_seed
EJOR-SECTION52-PROTOCOL,4,15,3,2055,2055,DE-MILP,1,1,0.2627857318619653,0.0,0.2627857318619653,common_replication_seed
EJOR-SECTION52-PROTOCOL,4,15,3,2055,2055,DE-MILP,2,2,0.0,0.0,0.0,common_replication_seed
EJOR-SECTION52-PROTOCOL,4,15,3,2055,2055,DE-MILP,3,2,0.04563384530303072,0.0,0.04563384530303072,common_replication_seed
EJOR-SECTION52-PROTOCOL,4,15,3,2055,2055,SS-BW,0,1,0.0,0.0,0.0,common_replication_seed
EJOR-SECTION52-PROTOCOL,4,15,3,2055,2055,SS-BW,1,1,2.0,0.0,2.0,common_replication_seed
EJOR-SECTION52-PROTOCOL,4,15,3,2055,2055,SS-BW,2,2,0.0,0.0,0.0,common_replication_seed
EJOR-SECTION52-PROTOCOL,4,15,3,2055,2055,SS-BW,3,2,4.024824932737506,0.0,4.024824932737506,common_replication_seed
EJOR-SECTION52-PROTOCOL,4,15,3,2055,2055,SS-MILP,0,1,0.33995814953300707,0.0,0.33995814953300707,common_replication_seed
EJOR-SECTION52-PROTOCOL,4,15,3,2055,2055,SS-MILP,1,1,0.0,0.0,0.0,common_replication_seed
EJOR-SECTION52-PROTOCOL,4,15,3,2055,2055,SS-MILP,2,2,0.0,2.9111351877700162,2.9111351877700162,common_replication_seed
EJOR-SECTION52-PROTOCOL,4,15,3,2055,2055,SS-MILP,3,2,0.04563384530303072,0.0,0.04563384530303072,common_replication_seed
EJOR-SECTION52-PROTOCOL,4,50,3,2055,2055,DE-MILP,0,1,0.0,0.0,0.0,common_replication_seed
EJOR-SECTION52-PROTOCOL,4,50,3,2055,2055,DE-MILP,1,1,0.23531564829396534,0.0,0.23531564829396534,common_replication_seed
EJOR-SECTION52-PROTOCOL,4,50,3,2055,2055,DE-MILP,2,2,0.0,0.0,0.0,common_replication_seed
EJOR-SECTION52-PROTOCOL,4,50,3,2055,2055,DE-MILP,3,2,0.03987825351205787,0.0,0.03987825351205787,common_replication_seed
EJOR-SECTION52-PROTOCOL,4,50,3,2055,2055,SS-BW,0,1,0.0,0.0,0.0,common_replication_seed
EJOR-SECTION52-PROTOCOL,4,50,3,2055,2055,SS-BW,1,1,2.0,0.0,2.0,common_replication_seed
EJOR-SECTION52-PROTOCOL,4,50,3,2055,2055,SS-BW,2,2,0.0,0.0,0.0,common_replication_seed
EJOR-SECTION52-PROTOCOL,4,50,3,2055,2055,SS-BW,3,2,3.9868146657614663,0.0,3.9868146657614663,common_replication_seed
EJOR-SECTION52-PROTOCOL,4,50,3,2055,2055,SS-MILP,0,1,0.0,0.0,0.0,common_replication_seed
EJOR-SECTION52-PROTOCOL,4,50,3,2055,2055,SS-MILP,1,1,0.23531564829396534,0.0,0.23531564829396534,common_replication_seed
EJOR-SECTION52-PROTOCOL,4,50,3,2055,2055,SS-MILP,2,2,0.0,2.9240060710445968,2.9240060710445968,common_replication_seed
EJOR-SECTION52-PROTOCOL,4,50,3,2055,2055,SS-MILP,3,2,0.03987825351205787,0.0,0.03987825351205787,common_replication_seed
EJOR-SECTION52-PROTOCOL,4,200,3,2055,2055,DE-MILP,0,1,0.0,0.0,0.0,common_replication_seed
EJOR-SECTION52-PROTOCOL,4,200,3,2055,2055,DE-MILP,1,1,0.2592466921486971,0.0,0.2592466921486971,common_replication_seed
EJOR-SECTION52-PROTOCOL,4,200,3,2055,2055,DE-MILP,2,2,0.0,0.0,0.0,common_replication_seed
EJOR-SECTION52-PROTOCOL,4,200,3,2055,2055,DE-MILP,3,2,0.049784014291113454,0.0,0.049784014291113454,common_replication_seed
EJOR-SECTION52-PROTOCOL,4,200,3,2055,2055,SS-BW,0,1,0.0,0.0,0.0,common_replication_seed
EJOR-SECTION52-PROTOCOL,4,200,3,2055,2055,SS-BW,1,1,2.0,0.0,2.0,common_replication_seed
EJOR-SECTION52-PROTOCOL,4,200,3,2055,2055,SS-BW,2,2,0.0,0.0,0.0,common_replication_seed
EJOR-SECTION52-PROTOCOL,4,200,3,2055,2055,SS-BW,3,2,4.053358369391773,0.0,4.053358369391773,common_replication_seed
EJOR-SECTION52-PROTOCOL,4,200,3,2055,2055,SS-MILP,0,1,0.27248816606652837,0.0,0.27248816606652837,common_replication_seed
EJOR-SECTION52-PROTOCOL,4,200,3,2055,2055,SS-MILP,1,1,0.0,0.0,0.0,common_replication_seed
EJOR-SECTION52-PROTOCOL,4,200,3,2055,2055,SS-MILP,2,2,0.0,2.906999236732387,2.906999236732387,common_replication_seed
EJOR-SECTION52-PROTOCOL,4,200,3,2055,2055,SS-MILP,3,2,0.049784014291113454,0.0,0.049784014291113454,common_replication_seed
EJOR-SECTION52-PROTOCOL,4,500,3,2055,2055,DE-MILP,0,1,0.2638342095278843,0.0,0.2638342095278843,common_replication_seed
EJOR-SECTION52-PROTOCOL,4,500,3,2055,2055,DE-MILP,1,1,0.0,0.0,0.0,common_replication_seed
EJOR-SECTION52-PROTOCOL,4,500,3,2055,2055,DE-MILP,2,2,0.04987155741467397,0.0,0.04987155741467397,common_replication_seed
EJOR-SECTION52-PROTOCOL,4,500,3,2055,2055,DE-MILP,3,2,0.0,0.0,0.0,common_replication_seed
EJOR-SECTION52-PROTOCOL,4,500,3,2055,2055,SS-BW,0,1,0.0,0.0,0.0,common_replication_seed
EJOR-SECTION52-PROTOCOL,4,500,3,2055,2055,SS-BW,1,1,2.0,0.0,2.0,common_replication_seed
EJOR-SECTION52-PROTOCOL,4,500,3,2055,2055,SS-BW,2,2,0.0,0.0,0.0,common_replication_seed
EJOR-SECTION52-PROTOCOL,4,500,3,2055,2055,SS-BW,3,2,4.029666219745559,0.0,4.029666219745559,common_replication_seed
EJOR-SECTION52-PROTOCOL,4,500,3,2055,2055,SS-MILP,0,1,0.2638342095278843,0.0,0.2638342095278843,common_replication_seed
EJOR-SECTION52-PROTOCOL,4,500,3,2055,2055,SS-MILP,1,1,0.0,0.0,0.0,common_replication_seed
EJOR-SECTION52-PROTOCOL,4,500,3,2055,2055,SS-MILP,2,2,0.04987155741467397,0.8500281003897716,0.8998996578044456,common_replication_seed
EJOR-SECTION52-PROTOCOL,4,500,3,2055,2055,SS-MILP,3,2,0.0,0.0,0.0,common_replication_seed
EJOR-SECTION52-PROTOCOL,4,15,4,2065,2065,DE-MILP,0,1,0.1862430404857236,0.0,0.1862430404857236,common_replication_seed
EJOR-SECTION52-PROTOCOL,4,15,4,2065,2065,DE-MILP,1,1,0.0,0.0,0.0,common_replication_seed
EJOR-SECTION52-PROTOCOL,4,15,4,2065,2065,DE-MILP,2,2,0.048621594883623054,0.0,0.048621594883623054,common_replication_seed
EJOR-SECTION52-PROTOCOL,4,15,4,2065,2065,DE-MILP,3,2,0.0,0.0,0.0,common_replication_seed
EJOR-SECTION52-PROTOCOL,4,15,4,2065,2065,SS-BW,0,1,0.0,0.0,0.0,common_replication_seed
EJOR-SECTION52-PROTOCOL,4,15,4,2065,2065,SS-BW,1,1,2.0,0.0,2.0,common_replication_seed
EJOR-SECTION52-PROTOCOL,4,15,4,2065,2065,SS-BW,2,2,0.0,0.0,0.0,common_replication_seed
EJOR-SECTION52-PROTOCOL,4,15,4,2065,2065,SS-BW,3,2,3.949414105528855,0.0,3.949414105528855,common_replication_seed
EJOR-SECTION52-PROTOCOL,4,15,4,2065,2065,SS-MILP,0,1,0.1862430404857236,0.0,0.1862430404857236,common_replication_seed
EJOR-SECTION52-PROTOCOL,4,15,4,2065,2065,SS-MILP,1,1,0.0,0.0,0.0,common_replication_seed
EJOR-SECTION52-PROTOCOL,4,15,4,2065,2065,SS-MILP,2,2,0.048621594883623054,0.8417100018777433,0.8903315967613663,common_replication_seed
EJOR-SECTION52-PROTOCOL,4,15,4,2065,2065,SS-MILP,3,2,0.0,0.0,0.0,common_replication_seed
EJOR-SECTION52-PROTOCOL,4,50,4,2065,2065,DE-MILP,0,1,0.217881015628002,0.0,0.217881015628002,common_replication_seed
EJOR-SECTION52-PROTOCOL,4,50,4,2065,2065,DE-MILP,1,1,0.0,0.0,0.0,common_replication_seed
EJOR-SECTION52-PROTOCOL,4,50,4,2065,2065,DE-MILP,2,2,0.04971553458172462,0.0,0.04971553458172462,common_replication_seed
EJOR-SECTION52-PROTOCOL,4,50,4,2065,2065,DE-MILP,3,2,0.0,0.0,0.0,common_replication_seed
EJOR-SECTION52-PROTOCOL,4,50,4,2065,2065,SS-BW,0,1,0.0,0.0,0.0,common_replication_seed
EJOR-SECTION52-PROTOCOL,4,50,4,2065,2065,SS-BW,1,1,2.0,0.0,2.0,common_replication_seed
EJOR-SECTION52-PROTOCOL,4,50,4,2065,2065,SS-BW,2,2,0.0,0.0,0.0,common_replication_seed
EJOR-SECTION52-PROTOCOL,4,50,4,2065,2065,SS-BW,3,2,4.034157972636868,0.0,4.034157972636868,common_replication_seed
EJOR-SECTION52-PROTOCOL,4,50,4,2065,2065,SS-MILP,0,1,0.217881015628002,0.0,0.217881015628002,common_replication_seed
EJOR-SECTION52-PROTOCOL,4,50,4,2065,2065,SS-MILP,1,1,0.0,0.0,0.0,common_replication_seed
EJOR-SECTION52-PROTOCOL,4,50,4,2065,2065,SS-MILP,2,2,0.04971553458172462,0.837312322349316,0.8870278569310406,common_replication_seed
EJOR-SECTION52-PROTOCOL,4,50,4,2065,2065,SS-MILP,3,2,0.0,0.0,0.0,common_replication_seed
EJOR-SECTION52-PROTOCOL,4,200,4,2065,2065,DE-MILP,0,1,0.2420549948950259,0.0,0.2420549948950259,common_replication_seed
EJOR-SECTION52-PROTOCOL,4,200,4,2065,2065,DE-MILP,1,1,0.0,0.0,0.0,common_replication_seed
EJOR-SECTION52-PROTOCOL,4,200,4,2065,2065,DE-MILP,2,2,0.05154529674220676,0.0,0.05154529674220676,common_replication_seed
EJOR-SECTION52-PROTOCOL,4,200,4,2065,2065,DE-MILP,3,2,0.0,0.0,0.0,common_replication_seed
EJOR-SECTION52-PROTOCOL,4,200,4,2065,2065,SS-BW,0,1,0.0,0.0,0.0,common_replication_seed
EJOR-SECTION52-PROTOCOL,4,200,4,2065,2065,SS-BW,1,1,2.0,0.0,2.0,common_replication_seed
EJOR-SECTION52-PROTOCOL,4,200,4,2065,2065,SS-BW,2,2,0.0,0.0,0.0,common_replication_seed
EJOR-SECTION52-PROTOCOL,4,200,4,2065,2065,SS-BW,3,2,4.035677498245658,0.0,4.035677498245658,common_replication_seed
EJOR-SECTION52-PROTOCOL,4,200,4,2065,2065,SS-MILP,0,1,0.2420549948950259,0.0,0.2420549948950259,common_replication_seed
EJOR-SECTION52-PROTOCOL,4,200,4,2065,2065,SS-MILP,1,1,0.0,0.0,0.0,common_replication_seed
EJOR-SECTION52-PROTOCOL,4,200,4,2065,2065,SS-MILP,2,2,0.05154529674220676,0.8394415949931262,0.890986891735333,common_replication_seed
EJOR-SECTION52-PROTOCOL,4,200,4,2065,2065,SS-MILP,3,2,0.0,0.0,0.0,common_replication_seed
EJOR-SECTION52-PROTOCOL,4,500,4,2065,2065,DE-MILP,0,1,0.27086828588486656,0.0,0.27086828588486656,common_replication_seed
EJOR-SECTION52-PROTOCOL,4,500,4,2065,2065,DE-MILP,1,1,0.0,0.0,0.0,common_replication_seed
EJOR-SECTION52-PROTOCOL,4,500,4,2065,2065,DE-MILP,2,2,0.046243751806136935,0.0,0.046243751806136935,common_replication_seed
EJOR-SECTION52-PROTOCOL,4,500,4,2065,2065,DE-MILP,3,2,0.0,0.0,0.0,common_replication_seed
EJOR-SECTION52-PROTOCOL,4,500,4,2065,2065,SS-BW,0,1,0.0,0.0,0.0,common_replication_seed
EJOR-SECTION52-PROTOCOL,4,500,4,2065,2065,SS-BW,1,1,2.0,0.0,2.0,common_replication_seed
EJOR-SECTION52-PROTOCOL,4,500,4,2065,2065,SS-BW,2,2,0.0,0.0,0.0,common_replication_seed
EJOR-SECTION52-PROTOCOL,4,500,4,2065,2065,SS-BW,3,2,4.019546149321831,0.0,4.019546149321831,common_replication_seed
EJOR-SECTION52-PROTOCOL,4,500,4,2065,2065,SS-MILP,0,1,0.0,0.0,0.0,common_replication_seed
EJOR-SECTION52-PROTOCOL,4,500,4,2065,2065,SS-MILP,1,1,0.27361090058650017,0.0,0.27361090058650017,common_replication_seed
EJOR-SECTION52-PROTOCOL,4,500,4,2065,2065,SS-MILP,2,2,0.046243751806136935,0.8413897199845328,0.8876334717906698,common_replication_seed
EJOR-SECTION52-PROTOCOL,4,500,4,2065,2065,SS-MILP,3,2,0.0,0.0,0.0,common_replication_seed
EJOR-SECTION52-PROTOCOL,4,15,5,2075,2075,DE-MILP,0,1,0.18338025182410944,0.0,0.18338025182410944,common_replication_seed
EJOR-SECTION52-PROTOCOL,4,15,5,2075,2075,DE-MILP,1,1,0.0,0.0,0.0,common_replication_seed
EJOR-SECTION52-PROTOCOL,4,15,5,2075,2075,DE-MILP,2,2,0.052480052964135826,0.0,0.052480052964135826,common_replication_seed
EJOR-SECTION52-PROTOCOL,4,15,5,2075,2075,DE-MILP,3,2,0.0,0.0,0.0,common_replication_seed
EJOR-SECTION52-PROTOCOL,4,15,5,2075,2075,SS-BW,0,1,0.0,0.0,0.0,common_replication_seed
EJOR-SECTION52-PROTOCOL,4,15,5,2075,2075,SS-BW,1,1,2.0,0.0,2.0,common_replication_seed
EJOR-SECTION52-PROTOCOL,4,15,5,2075,2075,SS-BW,2,2,0.0,0.0,0.0,common_replication_seed
EJOR-SECTION52-PROTOCOL,4,15,5,2075,2075,SS-BW,3,2,3.9909138479659694,0.0,3.9909138479659694,common_replication_seed
EJOR-SECTION52-PROTOCOL,4,15,5,2075,2075,SS-MILP,0,1,0.18338025182410944,0.0,0.18338025182410944,common_replication_seed
EJOR-SECTION52-PROTOCOL,4,15,5,2075,2075,SS-MILP,1,1,0.0,0.0,0.0,common_replication_seed
EJOR-SECTION52-PROTOCOL,4,15,5,2075,2075,SS-MILP,2,2,0.05248005296413538,0.0,0.05248005296413538,common_replication_seed
EJOR-SECTION52-PROTOCOL,4,15,5,2075,2075,SS-MILP,3,2,0.0,2.946263917878599,2.946263917878599,common_replication_seed
EJOR-SECTION52-PROTOCOL,4,50,5,2075,2075,DE-MILP,0,1,0.0,0.0,0.0,common_replication_seed
EJOR-SECTION52-PROTOCOL,4,50,5,2075,2075,DE-MILP,1,1,0.22072047782939275,0.0,0.22072047782939275,common_replication_seed
EJOR-SECTION52-PROTOCOL,4,50,5,2075,2075,DE-MILP,2,2,0.0,0.0,0.0,common_replication_seed
EJOR-SECTION52-PROTOCOL,4,50,5,2075,2075,DE-MILP,3,2,0.04798432809872022,0.0,0.04798432809872022,common_replication_seed
EJOR-SECTION52-PROTOCOL,4,50,5,2075,2075,SS-BW,0,1,0.0,0.0,0.0,common_replication_seed
EJOR-SECTION52-PROTOCOL,4,50,5,2075,2075,SS-BW,1,1,1.9894728645433533,0.0,1.9894728645433533,common_replication_seed
EJOR-SECTION52-PROTOCOL,4,50,5,2075,2075,SS-BW,2,2,0.0,0.0,0.0,common_replication_seed
EJOR-SECTION52-PROTOCOL,4,50,5,2075,2075,SS-BW,3,2,3.9959240712059225,0.0,3.9959240712059225,common_replication_seed
EJOR-SECTION52-PROTOCOL,4,50,5,2075,2075,SS-MILP,0,1,0.22386422943321316,0.0,0.22386422943321316,common_replication_seed
EJOR-SECTION52-PROTOCOL,4,50,5,2075,2075,SS-MILP,1,1,0.0,0.0,0.0,common_replication_seed
EJOR-SECTION52-PROTOCOL,4,50,5,2075,2075,SS-MILP,2,2,0.0,2.9184453761215075,2.9184453761215075,common_replication_seed
EJOR-SECTION52-PROTOCOL,4,50,5,2075,2075,SS-MILP,3,2,0.04798432809872022,0.0,0.04798432809872022,common_replication_seed
EJOR-SECTION52-PROTOCOL,4,200,5,2075,2075,DE-MILP,0,1,0.0,0.0,0.0,common_replication_seed
EJOR-SECTION52-PROTOCOL,4,200,5,2075,2075,DE-MILP,1,1,0.2560132464140985,0.0,0.2560132464140985,common_replication_seed
EJOR-SECTION52-PROTOCOL,4,200,5,2075,2075,DE-MILP,2,2,0.0,0.0,0.0,common_replication_seed
EJOR-SECTION52-PROTOCOL,4,200,5,2075,2075,DE-MILP,3,2,0.05185092915433698,0.0,0.05185092915433698,common_replication_seed
EJOR-SECTION52-PROTOCOL,4,200,5,2075,2075,SS-BW,0,1,0.0,0.0,0.0,common_replication_seed
EJOR-SECTION52-PROTOCOL,4,200,5,2075,2075,SS-BW,1,1,2.0,0.0,2.0,common_replication_seed
EJOR-SECTION52-PROTOCOL,4,200,5,2075,2075,SS-BW,2,2,0.0,0.0,0.0,common_replication_seed
EJOR-SECTION52-PROTOCOL,4,200,5,2075,2075,SS-BW,3,2,3.9559129465688194,0.0,3.9559129465688194,common_replication_seed
EJOR-SECTION52-PROTOCOL,4,200,5,2075,2075,SS-MILP,0,1,0.2642597202276449,0.0,0.2642597202276449,common_replication_seed
EJOR-SECTION52-PROTOCOL,4,200,5,2075,2075,SS-MILP,1,1,0.0,0.0,0.0,common_replication_seed
EJOR-SECTION52-PROTOCOL,4,200,5,2075,2075,SS-MILP,2,2,0.0,2.9072761076761156,2.9072761076761156,common_replication_seed
EJOR-SECTION52-PROTOCOL,4,200,5,2075,2075,SS-MILP,3,2,0.05185092915433698,0.0,0.05185092915433698,common_replication_seed
EJOR-SECTION52-PROTOCOL,4,500,5,2075,2075,DE-MILP,0,1,0.2507367447642994,0.0,0.2507367447642994,common_replication_seed
EJOR-SECTION52-PROTOCOL,4,500,5,2075,2075,DE-MILP,1,1,0.0,0.0,0.0,common_replication_seed
EJOR-SECTION52-PROTOCOL,4,500,5,2075,2075,DE-MILP,2,2,0.05370430707076945,0.0,0.05370430707076945,common_replication_seed
EJOR-SECTION52-PROTOCOL,4,500,5,2075,2075,DE-MILP,3,2,0.0,0.0,0.0,common_replication_seed
EJOR-SECTION52-PROTOCOL,4,500,5,2075,2075,SS-BW,0,1,0.0,0.0,0.0,common_replication_seed
EJOR-SECTION52-PROTOCOL,4,500,5,2075,2075,SS-BW,1,1,2.0,0.0,2.0,common_replication_seed
EJOR-SECTION52-PROTOCOL,4,500,5,2075,2075,SS-BW,2,2,0.0,0.0,0.0,common_replication_seed
EJOR-SECTION52-PROTOCOL,4,500,5,2075,2075,SS-BW,3,2,3.967392714809431,0.0,3.967392714809431,common_replication_seed
EJOR-SECTION52-PROTOCOL,4,500,5,2075,2075,SS-MILP,0,1,0.2507367447642994,0.0,0.2507367447642994,common_replication_seed
EJOR-SECTION52-PROTOCOL,4,500,5,2075,2075,SS-MILP,1,1,0.0,0.0,0.0,common_replication_seed
EJOR-SECTION52-PROTOCOL,4,500,5,2075,2075,SS-MILP,2,2,0.05370430707076945,0.8489417443914138,0.9026460514621832,common_replication_seed
EJOR-SECTION52-PROTOCOL,4,500,5,2075,2075,SS-MILP,3,2,0.0,0.0,0.0,common_replication_seed
EJOR-SECTION52-PROTOCOL,4,15,6,2085,2085,DE-MILP,0,1,0.0,0.0,0.0,common_replication_seed
EJOR-SECTION52-PROTOCOL,4,15,6,2085,2085,DE-MILP,1,1,0.4186225354966955,0.0,0.4186225354966955,common_replication_seed
EJOR-SECTION52-PROTOCOL,4,15,6,2085,2085,DE-MILP,2,2,0.0,0.0,0.0,common_replication_seed
EJOR-SECTION52-PROTOCOL,4,15,6,2085,2085,DE-MILP,3,2,0.036200510534011965,0.0,0.036200510534011965,common_replication_seed
EJOR-SECTION52-PROTOCOL,4,15,6,2085,2085,SS-BW,0,1,0.0,0.0,0.0,common_replication_seed
EJOR-SECTION52-PROTOCOL,4,15,6,2085,2085,SS-BW,1,1,2.0,0.0,2.0,common_replication_seed
EJOR-SECTION52-PROTOCOL,4,15,6,2085,2085,SS-BW,2,2,0.0,0.0,0.0,common_replication_seed
EJOR-SECTION52-PROTOCOL,4,15,6,2085,2085,SS-BW,3,2,3.9784818124186283,0.0,3.9784818124186283,common_replication_seed
EJOR-SECTION52-PROTOCOL,4,15,6,2085,2085,SS-MILP,0,1,0.0,0.0,0.0,common_replication_seed
EJOR-SECTION52-PROTOCOL,4,15,6,2085,2085,SS-MILP,1,1,0.4186225354966955,0.0,0.4186225354966955,common_replication_seed
EJOR-SECTION52-PROTOCOL,4,15,6,2085,2085,SS-MILP,2,2,0.0,0.0,0.0,common_replication_seed
EJOR-SECTION52-PROTOCOL,4,15,6,2085,2085,SS-MILP,3,2,0.036200510534011965,0.8573265827756451,0.8935270933096571,common_replication_seed
EJOR-SECTION52-PROTOCOL,4,50,6,2085,2085,DE-MILP,0,1,0.0,0.0,0.0,common_replication_seed
EJOR-SECTION52-PROTOCOL,4,50,6,2085,2085,DE-MILP,1,1,0.33416288715085507,0.0,0.33416288715085507,common_replication_seed
EJOR-SECTION52-PROTOCOL,4,50,6,2085,2085,DE-MILP,2,2,0.056171135531117855,0.0,0.056171135531117855,common_replication_seed
EJOR-SECTION52-PROTOCOL,4,50,6,2085,2085,DE-MILP,3,2,0.0,0.0,0.0,common_replication_seed
EJOR-SECTION52-PROTOCOL,4,50,6,2085,2085,SS-BW,0,1,0.0,0.0,0.0,common_replication_seed
EJOR-SECTION52-PROTOCOL,4,50,6,2085,2085,SS-BW,1,1,2.0,0.0,2.0,common_replication_seed
EJOR-SECTION52-PROTOCOL,4,50,6,2085,2085,SS-BW,2,2,0.0,0.0,0.0,common_replication_seed
EJOR-SECTION52-PROTOCOL,4,50,6,2085,2085,SS-BW,3,2,3.927112956061466,0.0,3.927112956061466,common_replication_seed
EJOR-SECTION52-PROTOCOL,4,50,6,2085,2085,SS-MILP,0,1,0.0,0.0,0.0,common_replication_seed
EJOR-SECTION52-PROTOCOL,4,50,6,2085,2085,SS-MILP,1,1,0.33416288715085507,0.0,0.33416288715085507,common_replication_seed
EJOR-SECTION52-PROTOCOL,4,50,6,2085,2085,SS-MILP,2,2,0.056171135531117855,0.0,0.056171135531117855,common_replication_seed
EJOR-SECTION52-PROTOCOL,4,50,6,2085,2085,SS-MILP,3,2,0.0,2.9226134167238946,2.9226134167238946,common_replication_seed
EJOR-SECTION52-PROTOCOL,4,200,6,2085,2085,DE-MILP,0,1,0.2621670740741877,0.0,0.2621670740741877,common_replication_seed
EJOR-SECTION52-PROTOCOL,4,200,6,2085,2085,DE-MILP,1,1,0.0,0.0,0.0,common_replication_seed
EJOR-SECTION52-PROTOCOL,4,200,6,2085,2085,DE-MILP,2,2,0.0,0.0,0.0,common_replication_seed
EJOR-SECTION52-PROTOCOL,4,200,6,2085,2085,DE-MILP,3,2,0.0498083884900149,0.0,0.0498083884900149,common_replication_seed
EJOR-SECTION52-PROTOCOL,4,200,6,2085,2085,SS-BW,0,1,0.0,0.0,0.0,common_replication_seed
EJOR-SECTION52-PROTOCOL,4,200,6,2085,2085,SS-BW,1,1,1.9999999999999998,0.0,1.9999999999999998,common_replication_seed
EJOR-SECTION52-PROTOCOL,4,200,6,2085,2085,SS-BW,2,2,0.0,0.0,0.0,common_replication_seed
EJOR-SECTION52-PROTOCOL,4,200,6,2085,2085,SS-BW,3,2,4.000863390836777,0.0,4.000863390836777,common_replication_seed
EJOR-SECTION52-PROTOCOL,4,200,6,2085,2085,SS-MILP,0,1,0.2621670740741877,0.0,0.2621670740741877,common_replication_seed
EJOR-SECTION52-PROTOCOL,4,200,6,2085,2085,SS-MILP,1,1,0.0,0.0,0.0,common_replication_seed
EJOR-SECTION52-PROTOCOL,4,200,6,2085,2085,SS-MILP,2,2,0.0,2.9088128172150927,2.9088128172150927,common_replication_seed
EJOR-SECTION52-PROTOCOL,4,200,6,2085,2085,SS-MILP,3,2,0.0498083884900149,0.0,0.0498083884900149,common_replication_seed
EJOR-SECTION52-PROTOCOL,4,500,6,2085,2085,DE-MILP,0,1,0.270262729363292,0.0,0.270262729363292,common_replication_seed
EJOR-SECTION52-PROTOCOL,4,500,6,2085,2085,DE-MILP,1,1,0.0,0.0,0.0,common_replication_seed
EJOR-SECTION52-PROTOCOL,4,500,6,2085,2085,DE-MILP,2,2,0.0,0.0,0.0,common_replication_seed
EJOR-SECTION52-PROTOCOL,4,500,6,2085,2085,DE-MILP,3,2,0.053345919382887796,0.0,0.053345919382887796,common_replication_seed
EJOR-SECTION52-PROTOCOL,4,500,6,2085,2085,SS-BW,0,1,0.0,0.0,0.0,common_replication_seed
EJOR-SECTION52-PROTOCOL,4,500,6,2085,2085,SS-BW,1,1,2.0,0.0,2.0,common_replication_seed
EJOR-SECTION52-PROTOCOL,4,500,6,2085,2085,SS-BW,2,2,0.0,0.0,0.0,common_replication_seed
EJOR-SECTION52-PROTOCOL,4,500,6,2085,2085,SS-BW,3,2,4.001005724353275,0.0,4.001005724353275,common_replication_seed
EJOR-SECTION52-PROTOCOL,4,500,6,2085,2085,SS-MILP,0,1,0.270262729363292,0.0,0.270262729363292,common_replication_seed
EJOR-SECTION52-PROTOCOL,4,500,6,2085,2085,SS-MILP,1,1,0.0,0.0,0.0,common_replication_seed
EJOR-SECTION52-PROTOCOL,4,500,6,2085,2085,SS-MILP,2,2,0.0,2.902152768268148,2.902152768268148,common_replication_seed
EJOR-SECTION52-PROTOCOL,4,500,6,2085,2085,SS-MILP,3,2,0.05334591938286426,0.0,0.05334591938286426,common_replication_seed
EJOR-SECTION52-PROTOCOL,4,15,7,2095,2095,DE-MILP,0,1,0.26597667929206303,0.0,0.26597667929206303,common_replication_seed
EJOR-SECTION52-PROTOCOL,4,15,7,2095,2095,DE-MILP,1,1,0.0,0.0,0.0,common_replication_seed
EJOR-SECTION52-PROTOCOL,4,15,7,2095,2095,DE-MILP,2,2,0.033058603835901756,0.0,0.033058603835901756,common_replication_seed
EJOR-SECTION52-PROTOCOL,4,15,7,2095,2095,DE-MILP,3,2,0.0,0.0,0.0,common_replication_seed
EJOR-SECTION52-PROTOCOL,4,15,7,2095,2095,SS-BW,0,1,0.0,0.0,0.0,common_replication_seed
EJOR-SECTION52-PROTOCOL,4,15,7,2095,2095,SS-BW,1,1,1.9999999999999998,0.0,1.9999999999999998,common_replication_seed
EJOR-SECTION52-PROTOCOL,4,15,7,2095,2095,SS-BW,2,2,0.0,0.0,0.0,common_replication_seed
EJOR-SECTION52-PROTOCOL,4,15,7,2095,2095,SS-BW,3,2,3.9471455325368208,0.0,3.9471455325368208,common_replication_seed
EJOR-SECTION52-PROTOCOL,4,15,7,2095,2095,SS-MILP,0,1,0.26597667929206303,0.0,0.26597667929206303,common_replication_seed
EJOR-SECTION52-PROTOCOL,4,15,7,2095,2095,SS-MILP,1,1,0.0,0.0,0.0,common_replication_seed
EJOR-SECTION52-PROTOCOL,4,15,7,2095,2095,SS-MILP,2,2,0.033058603835901756,0.8733630378187769,0.9064216416546786,common_replication_seed
EJOR-SECTION52-PROTOCOL,4,15,7,2095,2095,SS-MILP,3,2,0.0,0.0,0.0,common_replication_seed
EJOR-SECTION52-PROTOCOL,4,50,7,2095,2095,DE-MILP,0,1,0.2936405949622771,0.0,0.2936405949622771,common_replication_seed
EJOR-SECTION52-PROTOCOL,4,50,7,2095,2095,DE-MILP,1,1,0.0,0.0,0.0,common_replication_seed
EJOR-SECTION52-PROTOCOL,4,50,7,2095,2095,DE-MILP,2,2,0.037775209663561515,0.0,0.037775209663561515,common_replication_seed
EJOR-SECTION52-PROTOCOL,4,50,7,2095,2095,DE-MILP,3,2,0.0,0.0,0.0,common_replication_seed
EJOR-SECTION52-PROTOCOL,4,50,7,2095,2095,SS-BW,0,1,0.0,0.0,0.0,common_replication_seed
EJOR-SECTION52-PROTOCOL,4,50,7,2095,2095,SS-BW,1,1,1.9999999999999998,0.0,1.9999999999999998,common_replication_seed
EJOR-SECTION52-PROTOCOL,4,50,7,2095,2095,SS-BW,2,2,0.0,0.0,0.0,common_replication_seed
EJOR-SECTION52-PROTOCOL,4,50,7,2095,2095,SS-BW,3,2,4.03399517050939,0.0,4.03399517050939,common_replication_seed
EJOR-SECTION52-PROTOCOL,4,50,7,2095,2095,SS-MILP,0,1,0.2936405949622771,0.0,0.2936405949622771,common_replication_seed
EJOR-SECTION52-PROTOCOL,4,50,7,2095,2095,SS-MILP,1,1,0.0,0.0,0.0,common_replication_seed
EJOR-SECTION52-PROTOCOL,4,50,7,2095,2095,SS-MILP,2,2,0.037775209663561515,0.8477232528796903,0.8854984625432518,common_replication_seed
EJOR-SECTION52-PROTOCOL,4,50,7,2095,2095,SS-MILP,3,2,0.0,0.0,0.0,common_replication_seed
EJOR-SECTION52-PROTOCOL,4,200,7,2095,2095,DE-MILP,0,1,0.2625846776817822,0.0,0.2625846776817822,common_replication_seed
EJOR-SECTION52-PROTOCOL,4,200,7,2095,2095,DE-MILP,1,1,0.0,0.0,0.0,common_replication_seed
EJOR-SECTION52-PROTOCOL,4,200,7,2095,2095,DE-MILP,2,2,0.0449457620482252,0.0,0.0449457620482252,common_replication_seed
EJOR-SECTION52-PROTOCOL,4,200,7,2095,2095,DE-MILP,3,2,0.0,0.0,0.0,common_replication_seed
EJOR-SECTION52-PROTOCOL,4,200,7,2095,2095,SS-BW,0,1,0.0,0.0,0.0,common_replication_seed
EJOR-SECTION52-PROTOCOL,4,200,7,2095,2095,SS-BW,1,1,2.0,0.0,2.0,common_replication_seed
EJOR-SECTION52-PROTOCOL,4,200,7,2095,2095,SS-BW,2,2,0.0,0.0,0.0,common_replication_seed
EJOR-SECTION52-PROTOCOL,4,200,7,2095,2095,SS-BW,3,2,4.0212895942414875,0.0,4.0212895942414875,common_replication_seed
EJOR-SECTION52-PROTOCOL,4,200,7,2095,2095,SS-MILP,0,1,0.2625846776817822,0.0,0.2625846776817822,common_replication_seed
EJOR-SECTION52-PROTOCOL,4,200,7,2095,2095,SS-MILP,1,1,0.0,0.0,0.0,common_replication_seed
EJOR-SECTION52-PROTOCOL,4,200,7,2095,2095,SS-MILP,2,2,0.0449457620482252,0.8488239960528103,0.8937697581010355,common_replication_seed
EJOR-SECTION52-PROTOCOL,4,200,7,2095,2095,SS-MILP,3,2,0.0,0.0,0.0,common_replication_seed
EJOR-SECTION52-PROTOCOL,4,500,7,2095,2095,DE-MILP,0,1,0.25263144953681715,0.0,0.25263144953681715,common_replication_seed
EJOR-SECTION52-PROTOCOL,4,500,7,2095,2095,DE-MILP,1,1,0.0,0.0,0.0,common_replication_seed
EJOR-SECTION52-PROTOCOL,4,500,7,2095,2095,DE-MILP,2,2,0.0,0.0,0.0,common_replication_seed
EJOR-SECTION52-PROTOCOL,4,500,7,2095,2095,DE-MILP,3,2,0.05269924586250241,0.0,0.05269924586250241,common_replication_seed
EJOR-SECTION52-PROTOCOL,4,500,7,2095,2095,SS-BW,0,1,0.0,0.0,0.0,common_replication_seed
EJOR-SECTION52-PROTOCOL,4,500,7,2095,2095,SS-BW,1,1,2.0,0.0,2.0,common_replication_seed
EJOR-SECTION52-PROTOCOL,4,500,7,2095,2095,SS-BW,2,2,0.0,0.0,0.0,common_replication_seed
EJOR-SECTION52-PROTOCOL,4,500,7,2095,2095,SS-BW,3,2,4.008958253501133,0.0,4.008958253501133,common_replication_seed
EJOR-SECTION52-PROTOCOL,4,500,7,2095,2095,SS-MILP,0,1,0.25263144953681715,0.0,0.25263144953681715,common_replication_seed
EJOR-SECTION52-PROTOCOL,4,500,7,2095,2095,SS-MILP,1,1,0.0,0.0,0.0,common_replication_seed
EJOR-SECTION52-PROTOCOL,4,500,7,2095,2095,SS-MILP,2,2,0.0,2.9031868730260424,2.9031868730260424,common_replication_seed
EJOR-SECTION52-PROTOCOL,4,500,7,2095,2095,SS-MILP,3,2,0.05269924586250241,0.0,0.05269924586250241,common_replication_seed
EJOR-SECTION52-PROTOCOL,4,15,8,2105,2105,DE-MILP,0,1,0.0,0.0,0.0,common_replication_seed
EJOR-SECTION52-PROTOCOL,4,15,8,2105,2105,DE-MILP,1,1,0.19135752048634025,0.0,0.19135752048634025,common_replication_seed
EJOR-SECTION52-PROTOCOL,4,15,8,2105,2105,DE-MILP,2,2,0.02114727022881535,0.0,0.02114727022881535,common_replication_seed
EJOR-SECTION52-PROTOCOL,4,15,8,2105,2105,DE-MILP,3,2,0.0,0.0,0.0,common_replication_seed
EJOR-SECTION52-PROTOCOL,4,15,8,2105,2105,SS-BW,0,1,0.0,0.0,0.0,common_replication_seed
EJOR-SECTION52-PROTOCOL,4,15,8,2105,2105,SS-BW,1,1,1.8719420001629818,0.0,1.8719420001629818,common_replication_seed
EJOR-SECTION52-PROTOCOL,4,15,8,2105,2105,SS-BW,2,2,0.0,0.0,0.0,common_replication_seed
EJOR-SECTION52-PROTOCOL,4,15,8,2105,2105,SS-BW,3,2,4.085921957584613,0.0,4.085921957584613,common_replication_seed
EJOR-SECTION52-PROTOCOL,4,15,8,2105,2105,SS-MILP,0,1,0.0,0.0,0.0,common_replication_seed
EJOR-SECTION52-PROTOCOL,4,15,8,2105,2105,SS-MILP,1,1,0.19135752048634025,0.0,0.19135752048634025,common_replication_seed
EJOR-SECTION52-PROTOCOL,4,15,8,2105,2105,SS-MILP,2,2,0.02114727022881535,0.8595700889543822,0.8807173591831976,common_replication_seed
EJOR-SECTION52-PROTOCOL,4,15,8,2105,2105,SS-MILP,3,2,0.0,0.0,0.0,common_replication_seed
EJOR-SECTION52-PROTOCOL,4,50,8,2105,2105,DE-MILP,0,1,0.0,0.0,0.0,common_replication_seed
EJOR-SECTION52-PROTOCOL,4,50,8,2105,2105,DE-MILP,1,1,0.2500982423263858,0.0,0.2500982423263858,common_replication_seed
EJOR-SECTION52-PROTOCOL,4,50,8,2105,2105,DE-MILP,2,2,0.0,0.0,0.0,common_replication_seed
EJOR-SECTION52-PROTOCOL,4,50,8,2105,2105,DE-MILP,3,2,0.033249022407912054,0.0,0.033249022407912054,common_replication_seed
EJOR-SECTION52-PROTOCOL,4,50,8,2105,2105,SS-BW,0,1,0.0,0.0,0.0,common_replication_seed
EJOR-SECTION52-PROTOCOL,4,50,8,2105,2105,SS-BW,1,1,1.9167829672020191,0.0,1.9167829672020191,common_replication_seed
EJOR-SECTION52-PROTOCOL,4,50,8,2105,2105,SS-BW,2,2,0.0,0.0,0.0,common_replication_seed
EJOR-SECTION52-PROTOCOL,4,50,8,2105,2105,SS-BW,3,2,3.99962188245437,0.0,3.99962188245437,common_replication_seed
EJOR-SECTION52-PROTOCOL,4,50,8,2105,2105,SS-MILP,0,1,0.0,0.0,0.0,common_replication_seed
EJOR-SECTION52-PROTOCOL,4,50,8,2105,2105,SS-MILP,1,1,0.2500982423263858,0.0,0.2500982423263858,common_replication_seed
EJOR-SECTION52-PROTOCOL,4,50,8,2105,2105,SS-MILP,2,2,0.0,2.893405130956047,2.893405130956047,common_replication_seed
EJOR-SECTION52-PROTOCOL,4,50,8,2105,2105,SS-MILP,3,2,0.033249022407912054,0.0,0.033249022407912054,common_replication_seed
EJOR-SECTION52-PROTOCOL,4,200,8,2105,2105,DE-MILP,0,1,0.0,0.0,0.0,common_replication_seed
EJOR-SECTION52-PROTOCOL,4,200,8,2105,2105,DE-MILP,1,1,0.2528377897502172,0.0,0.2528377897502172,common_replication_seed
EJOR-SECTION52-PROTOCOL,4,200,8,2105,2105,DE-MILP,2,2,0.0,0.0,0.0,common_replication_seed
EJOR-SECTION52-PROTOCOL,4,200,8,2105,2105,DE-MILP,3,2,0.0463209812748544,0.0,0.0463209812748544,common_replication_seed
EJOR-SECTION52-PROTOCOL,4,200,8,2105,2105,SS-BW,0,1,0.0,0.0,0.0,common_replication_seed
EJOR-SECTION52-PROTOCOL,4,200,8,2105,2105,SS-BW,1,1,2.0,0.0,2.0,common_replication_seed
EJOR-SECTION52-PROTOCOL,4,200,8,2105,2105,SS-BW,2,2,0.0,0.0,0.0,common_replication_seed
EJOR-SECTION52-PROTOCOL,4,200,8,2105,2105,SS-BW,3,2,3.9781659724963987,0.0,3.9781659724963987,common_replication_seed
EJOR-SECTION52-PROTOCOL,4,200,8,2105,2105,SS-MILP,0,1,0.3060717407672575,0.0,0.3060717407672575,common_replication_seed
EJOR-SECTION52-PROTOCOL,4,200,8,2105,2105,SS-MILP,1,1,0.0,0.0,0.0,common_replication_seed
EJOR-SECTION52-PROTOCOL,4,200,8,2105,2105,SS-MILP,2,2,0.0,2.893489329551384,2.893489329551384,common_replication_seed
EJOR-SECTION52-PROTOCOL,4,200,8,2105,2105,SS-MILP,3,2,0.0463209812748544,0.0,0.0463209812748544,common_replication_seed
EJOR-SECTION52-PROTOCOL,4,500,8,2105,2105,DE-MILP,0,1,0.26587641282887264,0.0,0.26587641282887264,common_replication_seed
EJOR-SECTION52-PROTOCOL,4,500,8,2105,2105,DE-MILP,1,1,0.0,0.0,0.0,common_replication_seed
EJOR-SECTION52-PROTOCOL,4,500,8,2105,2105,DE-MILP,2,2,0.0,0.0,0.0,common_replication_seed
EJOR-SECTION52-PROTOCOL,4,500,8,2105,2105,DE-MILP,3,2,0.04995599546888796,0.0,0.04995599546888796,common_replication_seed
EJOR-SECTION52-PROTOCOL,4,500,8,2105,2105,SS-BW,0,1,0.0,0.0,0.0,common_replication_seed
EJOR-SECTION52-PROTOCOL,4,500,8,2105,2105,SS-BW,1,1,2.0,0.0,2.0,common_replication_seed
EJOR-SECTION52-PROTOCOL,4,500,8,2105,2105,SS-BW,2,2,0.0,0.0,0.0,common_replication_seed
EJOR-SECTION52-PROTOCOL,4,500,8,2105,2105,SS-BW,3,2,3.9781355411400883,0.0,3.9781355411400883,common_replication_seed
EJOR-SECTION52-PROTOCOL,4,500,8,2105,2105,SS-MILP,0,1,0.26587641282887264,0.0,0.26587641282887264,common_replication_seed
EJOR-SECTION52-PROTOCOL,4,500,8,2105,2105,SS-MILP,1,1,0.0,0.0,0.0,common_replication_seed
EJOR-SECTION52-PROTOCOL,4,500,8,2105,2105,SS-MILP,2,2,0.0,2.8954243133310387,2.8954243133310387,common_replication_seed
EJOR-SECTION52-PROTOCOL,4,500,8,2105,2105,SS-MILP,3,2,0.04995599546888796,0.0,0.04995599546888796,common_replication_seed
EJOR-SECTION52-PROTOCOL,4,15,9,2115,2115,DE-MILP,0,1,0.22046956813155738,0.0,0.22046956813155738,common_replication_seed
EJOR-SECTION52-PROTOCOL,4,15,9,2115,2115,DE-MILP,1,1,0.0,0.0,0.0,common_replication_seed
EJOR-SECTION52-PROTOCOL,4,15,9,2115,2115,DE-MILP,2,2,0.05664546605536147,0.0,0.05664546605536147,common_replication_seed
EJOR-SECTION52-PROTOCOL,4,15,9,2115,2115,DE-MILP,3,2,0.0,0.0,0.0,common_replication_seed
EJOR-SECTION52-PROTOCOL,4,15,9,2115,2115,SS-BW,0,1,0.0,0.0,0.0,common_replication_seed
EJOR-SECTION52-PROTOCOL,4,15,9,2115,2115,SS-BW,1,1,2.0,0.0,2.0,common_replication_seed
EJOR-SECTION52-PROTOCOL,4,15,9,2115,2115,SS-BW,2,2,0.0,0.0,0.0,common_replication_seed
EJOR-SECTION52-PROTOCOL,4,15,9,2115,2115,SS-BW,3,2,3.9003853204921004,0.0,3.9003853204921004,common_replication_seed
EJOR-SECTION52-PROTOCOL,4,15,9,2115,2115,SS-MILP,0,1,0.22046956813155738,0.0,0.22046956813155738,common_replication_seed
EJOR-SECTION52-PROTOCOL,4,15,9,2115,2115,SS-MILP,1,1,0.0,0.0,0.0,common_replication_seed
EJOR-SECTION52-PROTOCOL,4,15,9,2115,2115,SS-MILP,2,2,0.05664546605536147,0.8396925620846574,0.8963380281400188,common_replication_seed
EJOR-SECTION52-PROTOCOL,4,15,9,2115,2115,SS-MILP,3,2,0.0,0.0,0.0,common_replication_seed
EJOR-SECTION52-PROTOCOL,4,50,9,2115,2115,DE-MILP,0,1,0.0,0.0,0.0,common_replication_seed
EJOR-SECTION52-PROTOCOL,4,50,9,2115,2115,DE-MILP,1,1,0.2457983637558292,0.0,0.2457983637558292,common_replication_seed
EJOR-SECTION52-PROTOCOL,4,50,9,2115,2115,DE-MILP,2,2,0.04821437929176975,0.0,0.04821437929176975,common_replication_seed
EJOR-SECTION52-PROTOCOL,4,50,9,2115,2115,DE-MILP,3,2,0.0,0.0,0.0,common_replication_seed
EJOR-SECTION52-PROTOCOL,4,50,9,2115,2115,SS-BW,0,1,0.0,0.0,0.0,common_replication_seed
EJOR-SECTION52-PROTOCOL,4,50,9,2115,2115,SS-BW,1,1,2.0,0.0,2.0,common_replication_seed
EJOR-SECTION52-PROTOCOL,4,50,9,2115,2115,SS-BW,2,2,0.0,0.0,0.0,common_replication_seed
EJOR-SECTION52-PROTOCOL,4,50,9,2115,2115,SS-BW,3,2,3.8945476284303844,0.0,3.8945476284303844,common_replication_seed
EJOR-SECTION52-PROTOCOL,4,50,9,2115,2115,SS-MILP,0,1,0.2587583089894889,0.0,0.2587583089894889,common_replication_seed
EJOR-SECTION52-PROTOCOL,4,50,9,2115,2115,SS-MILP,1,1,0.0,0.0,0.0,common_replication_seed
EJOR-SECTION52-PROTOCOL,4,50,9,2115,2115,SS-MILP,2,2,0.04821437929176975,0.0,0.04821437929176975,common_replication_seed
EJOR-SECTION52-PROTOCOL,4,50,9,2115,2115,SS-MILP,3,2,0.0,2.9046006704197715,2.9046006704197715,common_replication_seed
EJOR-SECTION52-PROTOCOL,4,200,9,2115,2115,DE-MILP,0,1,0.23506617323141743,0.0,0.23506617323141743,common_replication_seed
EJOR-SECTION52-PROTOCOL,4,200,9,2115,2115,DE-MILP,1,1,0.0,0.0,0.0,common_replication_seed
EJOR-SECTION52-PROTOCOL,4,200,9,2115,2115,DE-MILP,2,2,0.0,0.0,0.0,common_replication_seed
EJOR-SECTION52-PROTOCOL,4,200,9,2115,2115,DE-MILP,3,2,0.05370562084231745,0.0,0.05370562084231745,common_replication_seed
EJOR-SECTION52-PROTOCOL,4,200,9,2115,2115,SS-BW,0,1,0.0,0.0,0.0,common_replication_seed
EJOR-SECTION52-PROTOCOL,4,200,9,2115,2115,SS-BW,1,1,2.0,0.0,2.0,common_replication_seed
EJOR-SECTION52-PROTOCOL,4,200,9,2115,2115,SS-BW,2,2,0.0,0.0,0.0,common_replication_seed
EJOR-SECTION52-PROTOCOL,4,200,9,2115,2115,SS-BW,3,2,3.948240487044645,0.0,3.948240487044645,common_replication_seed
EJOR-SECTION52-PROTOCOL,4,200,9,2115,2115,SS-MILP,0,1,0.23506617323141743,0.0,0.23506617323141743,common_replication_seed
EJOR-SECTION52-PROTOCOL,4,200,9,2115,2115,SS-MILP,1,1,0.0,0.0,0.0,common_replication_seed
EJOR-SECTION52-PROTOCOL,4,200,9,2115,2115,SS-MILP,2,2,0.0,2.896449139831198,2.896449139831198,common_replication_seed
EJOR-SECTION52-PROTOCOL,4,200,9,2115,2115,SS-MILP,3,2,0.05370562084231745,0.0,0.05370562084231745,common_replication_seed
EJOR-SECTION52-PROTOCOL,4,500,9,2115,2115,DE-MILP,0,1,0.0,0.0,0.0,common_replication_seed
EJOR-SECTION52-PROTOCOL,4,500,9,2115,2115,DE-MILP,1,1,0.23884569715891701,0.0,0.23884569715891701,common_replication_seed
EJOR-SECTION52-PROTOCOL,4,500,9,2115,2115,DE-MILP,2,2,0.052860461908696976,0.0,0.052860461908696976,common_replication_seed
EJOR-SECTION52-PROTOCOL,4,500,9,2115,2115,DE-MILP,3,2,0.0,0.0,0.0,common_replication_seed
EJOR-SECTION52-PROTOCOL,4,500,9,2115,2115,SS-BW,0,1,0.0,0.0,0.0,common_replication_seed
EJOR-SECTION52-PROTOCOL,4,500,9,2115,2115,SS-BW,1,1,1.9788120105596514,0.0,1.9788120105596514,common_replication_seed
EJOR-SECTION52-PROTOCOL,4,500,9,2115,2115,SS-BW,2,2,0.0,0.0,0.0,common_replication_seed
EJOR-SECTION52-PROTOCOL,4,500,9,2115,2115,SS-BW,3,2,3.977509584714631,0.0,3.977509584714631,common_replication_seed
EJOR-SECTION52-PROTOCOL,4,500,9,2115,2115,SS-MILP,0,1,0.2716135436498177,0.0,0.2716135436498177,common_replication_seed
EJOR-SECTION52-PROTOCOL,4,500,9,2115,2115,SS-MILP,1,1,0.0,0.0,0.0,common_replication_seed
EJOR-SECTION52-PROTOCOL,4,500,9,2115,2115,SS-MILP,2,2,0.052860461908696976,0.8342049029294594,0.8870653648381563,common_replication_seed
EJOR-SECTION52-PROTOCOL,4,500,9,2115,2115,SS-MILP,3,2,0.0,0.0,0.0,common_replication_seed
