section,instance_id,J,K,rep,kappa,service_seed,lateness_seed,seed_protocol,file,instance_rule,test_K,test_service_seed,test_lateness_seed,reported_method_count,sha256
5.2,S52_K15_R0,4,15,0,,2025,2025,common_replication_seed,instances/section_5_2/rep_00_base_K500.npz,use scenarios 0:15,,,,3,4fdb28fb2d3b814c0183d9a38c31e9c6d27b3d3dd0e9ada0a3e042bf08fb3461
5.2,S52_K50_R0,4,50,0,,2025,2025,common_replication_seed,instances/section_5_2/rep_00_base_K500.npz,use scenarios 0:50,,,,3,4fdb28fb2d3b814c0183d9a38c31e9c6d27b3d3dd0e9ada0a3e042bf08fb3461
5.2,S52_K200_R0,4,200,0,,2025,2025,common_replication_seed,instances/section_5_2/rep_00_base_K500.npz,use scenarios 0:200,,,,3,4fdb28fb2d3b814c0183d9a38c31e9c6d27b3d3dd0e9ada0a3e042bf08fb3461
5.2,S52_K500_R0,4,500,0,,2025,2025,common_replication_seed,instances/section_5_2/rep_00_base_K500.npz,use scenarios 0:500,,,,3,4fdb28fb2d3b814c0183d9a38c31e9c6d27b3d3dd0e9ada0a3e042bf08fb3461
5.2,S52_K15_R1,4,15,1,,2035,2035,common_replication_seed,instances/section_5_2/rep_01_base_K500.npz,use scenarios 0:15,,,,3,045696d8bc97d7d50b7666a7b8c1fcecd59aa91810bab0372ebdfda97c99fd18
5.2,S52_K50_R1,4,50,1,,2035,2035,common_replication_seed,instances/section_5_2/rep_01_base_K500.npz,use scenarios 0:50,,,,3,045696d8bc97d7d50b7666a7b8c1fcecd59aa91810bab0372ebdfda97c99fd18
5.2,S52_K200_R1,4,200,1,,2035,2035,common_replication_seed,instances/section_5_2/rep_01_base_K500.npz,use scenarios 0:200,,,,3,045696d8bc97d7d50b7666a7b8c1fcecd59aa91810bab0372ebdfda97c99fd18
5.2,S52_K500_R1,4,500,1,,2035,2035,common_replication_seed,instances/section_5_2/rep_01_base_K500.npz,use scenarios 0:500,,,,3,045696d8bc97d7d50b7666a7b8c1fcecd59aa91810bab0372ebdfda97c99fd18
5.2,S52_K15_R2,4,15,2,,2045,2045,common_replication_seed,instances/section_5_2/rep_02_base_K500.npz,use scenarios 0:15,,,,3,16873c50685c970a321d3807d0a34f4c5349840a877299b865d5e3a2f3814298
5.2,S52_K50_R2,4,50,2,,2045,2045,common_replication_seed,instances/section_5_2/rep_02_base_K500.npz,use scenarios 0:50,,,,3,16873c50685c970a321d3807d0a34f4c5349840a877299b865d5e3a2f3814298
5.2,S52_K200_R2,4,200,2,,2045,2045,common_replication_seed,instances/section_5_2/rep_02_base_K500.npz,use scenarios 0:200,,,,3,16873c50685c970a321d3807d0a34f4c5349840a877299b865d5e3a2f3814298
5.2,S52_K500_R2,4,500,2,,2045,2045,common_replication_seed,instances/section_5_2/rep_02_base_K500.npz,use scenarios 0:500,,,,3,16873c50685c970a321d3807d0a34f4c5349840a877299b865d5e3a2f3814298
5.2,S52_K15_R3,4,15,3,,2055,2055,common_replication_seed,instances/section_5_2/rep_03_base_K500.npz,use scenarios 0:15,,,,3,a18591b8bc46e680c0e19308f1d8bd8705eef686f90fd6fb72acb74a6529b8e4
5.2,S52_K50_R3,4,50,3,,2055,2055,common_replication_seed,instances/section_5_2/rep_03_base_K500.npz,use scenarios 0:50,,,,3,a18591b8bc46e680c0e19308f1d8bd8705eef686f90fd6fb72acb74a6529b8e4
5.2,S52_K200_R3,4,200,3,,2055,2055,common_replication_seed,instances/section_5_2/rep_03_base_K500.npz,use scenarios 0:200,,,,3,a18591b8bc46e680c0e19308f1d8bd8705eef686f90fd6fb72acb74a6529b8e4
5.2,S52_K500_R3,4,500,3,,2055,2055,common_replication_seed,instances/section_5_2/rep_03_base_K500.npz,use scenarios 0:500,,,,3,a18591b8bc46e680c0e19308f1d8bd8705eef686f90fd6fb72acb74a6529b8e4
5.2,S52_K15_R4,4,15,4,,2065,2065,common_replication_seed,instances/section_5_2/rep_04_base_K500.npz,use scenarios 0:15,,,,3,77780159867cfa3028acefd204d35d6156457b88d0242d9ea5bc6cefb46fb98f
5.2,S52_K50_R4,4,50,4,,2065,2065,common_replication_seed,instances/section_5_2/rep_04_base_K500.npz,use scenarios 0:50,,,,3,77780159867cfa3028acefd204d35d6156457b88d0242d9ea5bc6cefb46fb98f
5.2,S52_K200_R4,4,200,4,,2065,2065,common_replication_seed,instances/section_5_2/rep_04_base_K500.npz,use scenarios 0:200,,,,3,77780159867cfa3028acefd204d35d6156457b88d0242d9ea5bc6cefb46fb98f
5.2,S52_K500_R4,4,500,4,,2065,2065,common_replication_seed,instances/section_5_2/rep_04_base_K500.npz,use scenarios 0:500,,,,3,77780159867cfa3028acefd204d35d6156457b88d0242d9ea5bc6cefb46fb98f
5.2,S52_K15_R5,4,15,5,,2075,2075,common_replication_seed,instances/section_5_2/rep_05_base_K500.npz,use scenarios 0:15,,,,3,951f5798d0ab088a0f7bcaf98ff7f90cae343d1270b007e17a7fa64d99837185
5.2,S52_K50_R5,4,50,5,,2075,2075,common_replication_seed,instances/section_5_2/rep_05_base_K500.npz,use scenarios 0:50,,,,3,951f5798d0ab088a0f7bcaf98ff7f90cae343d1270b007e17a7fa64d99837185
5.2,S52_K200_R5,4,200,5,,2075,2075,common_replication_seed,instances/section_5_2/rep_05_base_K500.npz,use scenarios 0:200,,,,3,951f5798d0ab088a0f7bcaf98ff7f90cae343d1270b007e17a7fa64d99837185
5.2,S52_K500_R5,4,500,5,,2075,2075,common_replication_seed,instances/section_5_2/rep_05_base_K500.npz,use scenarios 0:500,,,,3,951f5798d0ab088a0f7bcaf98ff7f90cae343d1270b007e17a7fa64d99837185
5.2,S52_K15_R6,4,15,6,,2085,2085,common_replication_seed,instances/section_5_2/rep_06_base_K500.npz,use scenarios 0:15,,,,3,7db009f49462046540fe26967ad5f7d4b8417432a9413ce5b808af2eda1d3827
5.2,S52_K50_R6,4,50,6,,2085,2085,common_replication_seed,instances/section_5_2/rep_06_base_K500.npz,use scenarios 0:50,,,,3,7db009f49462046540fe26967ad5f7d4b8417432a9413ce5b808af2eda1d3827
5.2,S52_K200_R6,4,200,6,,2085,2085,common_replication_seed,instances/section_5_2/rep_06_base_K500.npz,use scenarios 0:200,,,,3,7db009f49462046540fe26967ad5f7d4b8417432a9413ce5b808af2eda1d3827
5.2,S52_K500_R6,4,500,6,,2085,2085,common_replication_seed,instances/section_5_2/rep_06_base_K500.npz,use scenarios 0:500,,,,3,7db009f49462046540fe26967ad5f7d4b8417432a9413ce5b808af2eda1d3827
5.2,S52_K15_R7,4,15,7,,2095,2095,common_replication_seed,instances/section_5_2/rep_07_base_K500.npz,use scenarios 0:15,,,,3,d97baa93de3043b7d829319d245ffdd6cde1a6ba91aae970862ae71f19afa37c
5.2,S52_K50_R7,4,50,7,,2095,2095,common_replication_seed,instances/section_5_2/rep_07_base_K500.npz,use scenarios 0:50,,,,3,d97baa93de3043b7d829319d245ffdd6cde1a6ba91aae970862ae71f19afa37c
5.2,S52_K200_R7,4,200,7,,2095,2095,common_replication_seed,instances/section_5_2/rep_07_base_K500.npz,use scenarios 0:200,,,,3,d97baa93de3043b7d829319d245ffdd6cde1a6ba91aae970862ae71f19afa37c
5.2,S52_K500_R7,4,500,7,,2095,2095,common_replication_seed,instances/section_5_2/rep_07_base_K500.npz,use scenarios 0:500,,,,3,d97baa93de3043b7d829319d245ffdd6cde1a6ba91aae970862ae71f19afa37c
5.2,S52_K15_R8,4,15,8,,2105,2105,common_replication_seed,instances/section_5_2/rep_08_base_K500.npz,use scenarios 0:15,,,,3,e3ad22c1394f27959dc3e306d5b626e227a23fbc6ead5f233e97451c121858b7
5.2,S52_K50_R8,4,50,8,,2105,2105,common_replication_seed,instances/section_5_2/rep_08_base_K500.npz,use scenarios 0:50,,,,3,e3ad22c1394f27959dc3e306d5b626e227a23fbc6ead5f233e97451c121858b7
5.2,S52_K200_R8,4,200,8,,2105,2105,common_replication_seed,instances/section_5_2/rep_08_base_K500.npz,use scenarios 0:200,,,,3,e3ad22c1394f27959dc3e306d5b626e227a23fbc6ead5f233e97451c121858b7
5.2,S52_K500_R8,4,500,8,,2105,2105,common_replication_seed,instances/section_5_2/rep_08_base_K500.npz,use scenarios 0:500,,,,3,e3ad22c1394f27959dc3e306d5b626e227a23fbc6ead5f233e97451c121858b7
5.2,S52_K15_R9,4,15,9,,2115,2115,common_replication_seed,instances/section_5_2/rep_09_base_K500.npz,use scenarios 0:15,,,,3,0ac63ecdbc353c793cb3f13abe6061cd1a692abd5f234cb9cd0f41c3bb82bf6e
5.2,S52_K50_R9,4,50,9,,2115,2115,common_replication_seed,instances/section_5_2/rep_09_base_K500.npz,use scenarios 0:50,,,,3,0ac63ecdbc353c793cb3f13abe6061cd1a692abd5f234cb9cd0f41c3bb82bf6e
5.2,S52_K200_R9,4,200,9,,2115,2115,common_replication_seed,instances/section_5_2/rep_09_base_K500.npz,use scenarios 0:200,,,,3,0ac63ecdbc353c793cb3f13abe6061cd1a692abd5f234cb9cd0f41c3bb82bf6e
5.2,S52_K500_R9,4,500,9,,2115,2115,common_replication_seed,instances/section_5_2/rep_09_base_K500.npz,use scenarios 0:500,,,,3,0ac63ecdbc353c793cb3f13abe6061cd1a692abd5f234cb9cd0f41c3bb82bf6e
5.3,S53_J8_R0,8,100,0,,12065,12066,separate_service_and_lateness_seeds,instances/section_5_3/J8_rep_00_K100.npz,stored instance,1000,10012065,20012066,4,7f213121980a6a39b4036892ae1ce4af90d7ef1880cfe71064677bbb8f44c45a
5.3,S53_J8_R1,8,100,1,,12165,12166,separate_service_and_lateness_seeds,instances/section_5_3/J8_rep_01_K100.npz,stored instance,1000,10012165,20012166,4,39a2a8ca3e2c41bf34858d5a213f634832316717f6fea5c64dedcecc487a742e
5.3,S53_J8_R2,8,100,2,,12265,12266,separate_service_and_lateness_seeds,instances/section_5_3/J8_rep_02_K100.npz,stored instance,1000,10012265,20012266,4,0cf6ec740aeeea254b46a2a2a5f31fee5c2552fe29af36a87aeac07fb3daa28e
5.3,S53_J8_R3,8,100,3,,12365,12366,separate_service_and_lateness_seeds,instances/section_5_3/J8_rep_03_K100.npz,stored instance,1000,10012365,20012366,4,83927183a13faf38a785f7f6e5f3391997cbb372a9bbb9df8dc8e03642166677
5.3,S53_J8_R4,8,100,4,,12465,12466,separate_service_and_lateness_seeds,instances/section_5_3/J8_rep_04_K100.npz,stored instance,1000,10012465,20012466,4,81096f8ae07e0f2a2c52e8b5aaa9543b0c6c56f1b29fe240b6268cad7b13aa69
5.3,S53_J8_R5,8,100,5,,12565,12566,separate_service_and_lateness_seeds,instances/section_5_3/J8_rep_05_K100.npz,stored instance,1000,10012565,20012566,4,2aa011c4d9ea3011b8e7c41f8ac362446a5a566a241ea8e25570a1856c4ec770
5.3,S53_J8_R6,8,100,6,,12665,12666,separate_service_and_lateness_seeds,instances/section_5_3/J8_rep_06_K100.npz,stored instance,1000,10012665,20012666,4,99e844792b4031b2aa671febb64d936dd1f27a0d15e6ed822921744d2a5baff7
5.3,S53_J8_R7,8,100,7,,12765,12766,separate_service_and_lateness_seeds,instances/section_5_3/J8_rep_07_K100.npz,stored instance,1000,10012765,20012766,4,ec178729fc055415dd19de4dd09c29fa29dd7630485d89dc01de90b12b56fd5c
5.3,S53_J8_R8,8,100,8,,12865,12866,separate_service_and_lateness_seeds,instances/section_5_3/J8_rep_08_K100.npz,stored instance,1000,10012865,20012866,4,60a6ad5dc069e8cc9d64ba61dbc6393710912edba80e040889b7b16211a4f142
5.3,S53_J8_R9,8,100,9,,12965,12966,separate_service_and_lateness_seeds,instances/section_5_3/J8_rep_09_K100.npz,stored instance,1000,10012965,20012966,4,fc3798ddb782e49865595cccad79f1e887f9b45da8bdbaaa00b055376d3c6b49
5.3,S53_J12_R0,12,100,0,,12065,12066,separate_service_and_lateness_seeds,instances/section_5_3/J12_rep_00_K100.npz,stored instance,1000,10012065,20012066,4,011f9f9a0e135b49f45e17514e404562c7670f265cf812456f16ff0f869ceefb
5.3,S53_J12_R1,12,100,1,,12165,12166,separate_service_and_lateness_seeds,instances/section_5_3/J12_rep_01_K100.npz,stored instance,1000,10012165,20012166,4,8407c4860302e7e8240cd5151e7bcf3c41127c2889f4b46a0c26d9aa67da6812
5.3,S53_J12_R2,12,100,2,,12265,12266,separate_service_and_lateness_seeds,instances/section_5_3/J12_rep_02_K100.npz,stored instance,1000,10012265,20012266,4,06cfe30d6b0cb5e1f4fb5f1ee3e4b197c5c858fd72a14a011a9c5e75e93de704
5.3,S53_J12_R3,12,100,3,,12365,12366,separate_service_and_lateness_seeds,instances/section_5_3/J12_rep_03_K100.npz,stored instance,1000,10012365,20012366,4,87f0d5522418b4c25691d110651c000f95701a0fb5655f9243d6d1fe981c9bfe
5.3,S53_J12_R4,12,100,4,,12465,12466,separate_service_and_lateness_seeds,instances/section_5_3/J12_rep_04_K100.npz,stored instance,1000,10012465,20012466,4,f9f7a92de1466f8e1b8420626a645c36c9fddfdbebdac61408f5c2759abda04b
5.3,S53_J12_R5,12,100,5,,12565,12566,separate_service_and_lateness_seeds,instances/section_5_3/J12_rep_05_K100.npz,stored instance,1000,10012565,20012566,4,437e667d7850096ab42ba57f4777b467f813bfa8297be64ed2a5719e34c5dccb
5.3,S53_J12_R6,12,100,6,,12665,12666,separate_service_and_lateness_seeds,instances/section_5_3/J12_rep_06_K100.npz,stored instance,1000,10012665,20012666,4,834a7e3a44ab32c7457482d31a815cf2c7aea5ebf7506afe92fcba7494a36c32
5.3,S53_J12_R7,12,100,7,,12765,12766,separate_service_and_lateness_seeds,instances/section_5_3/J12_rep_07_K100.npz,stored instance,1000,10012765,20012766,4,976608e8838644404f526e7032bdf686b79ae67c3913b8820136e851fb7c7b6e
5.3,S53_J12_R8,12,100,8,,12865,12866,separate_service_and_lateness_seeds,instances/section_5_3/J12_rep_08_K100.npz,stored instance,1000,10012865,20012866,4,93c04114e623ff01bed0daded7de3dd53b9e20dcd9afb3019c30068e400addaa
5.3,S53_J12_R9,12,100,9,,12965,12966,separate_service_and_lateness_seeds,instances/section_5_3/J12_rep_09_K100.npz,stored instance,1000,10012965,20012966,4,932b7f01e88c8c3ea5d7b730e7696a2f3cc5dde7c5b9eb6da5deccbaf8f9c04e
5.3,S53_J16_R0,16,100,0,,12065,12066,separate_service_and_lateness_seeds,instances/section_5_3/J16_rep_00_K100.npz,stored instance,1000,10012065,20012066,4,c12c87c1938b8e429b118369e2ebe14458201744729276babba5eca9f3342544
5.3,S53_J16_R1,16,100,1,,12165,12166,separate_service_and_lateness_seeds,instances/section_5_3/J16_rep_01_K100.npz,stored instance,1000,10012165,20012166,4,0f44451e373251204172fb802104f7b70f19ae8a49cbc570a30bb5aaccba491c
5.3,S53_J16_R2,16,100,2,,12265,12266,separate_service_and_lateness_seeds,instances/section_5_3/J16_rep_02_K100.npz,stored instance,1000,10012265,20012266,4,3fa0f63ed1c1610bd0434d43007e5d14e46ffa2446ef4af94962884d2d3402d5
5.3,S53_J16_R3,16,100,3,,12365,12366,separate_service_and_lateness_seeds,instances/section_5_3/J16_rep_03_K100.npz,stored instance,1000,10012365,20012366,4,e6a05d473549f3f493930b43567d238c44e7116f13bcc2f8d4faf0a6d534b8cb
5.3,S53_J16_R4,16,100,4,,12465,12466,separate_service_and_lateness_seeds,instances/section_5_3/J16_rep_04_K100.npz,stored instance,1000,10012465,20012466,4,34e256041e76c30a41e420ff5573623e5130de0652c6cda2576242344a41f27c
5.3,S53_J16_R5,16,100,5,,12565,12566,separate_service_and_lateness_seeds,instances/section_5_3/J16_rep_05_K100.npz,stored instance,1000,10012565,20012566,4,2d2c8f06b2869e80b99fe2bdbd98ad391649495d7f9f6fee4ff3c14c7243a27f
5.3,S53_J16_R6,16,100,6,,12665,12666,separate_service_and_lateness_seeds,instances/section_5_3/J16_rep_06_K100.npz,stored instance,1000,10012665,20012666,4,eae126bb9c19e684802d78d6ba05a1f512f223eda6528a267bdb0f87f3ed11e5
5.3,S53_J16_R7,16,100,7,,12765,12766,separate_service_and_lateness_seeds,instances/section_5_3/J16_rep_07_K100.npz,stored instance,1000,10012765,20012766,4,7cd741a682540652373977469a30ba6648a93ac5436d0e1a5f824c8772ad910c
5.3,S53_J16_R8,16,100,8,,12865,12866,separate_service_and_lateness_seeds,instances/section_5_3/J16_rep_08_K100.npz,stored instance,1000,10012865,20012866,4,86aede2349128fd01087819f1fedfb38df2d308041d78dc9792dca1957f85594
5.3,S53_J16_R9,16,100,9,,12965,12966,separate_service_and_lateness_seeds,instances/section_5_3/J16_rep_09_K100.npz,stored instance,1000,10012965,20012966,4,f2549732fb6507220c5130aaa4524e5847e00cce2383e1e9cc7daeacb5e7c3c7
5.3,S53_J20_R0,20,100,0,,12065,12066,separate_service_and_lateness_seeds,instances/section_5_3/J20_rep_00_K100.npz,stored instance,1000,10012065,20012066,4,9d370327dfc4415b40ff7985677c0e06d6056ad70389ee32b6a0dc6f3f94ea78
5.3,S53_J20_R1,20,100,1,,12165,12166,separate_service_and_lateness_seeds,instances/section_5_3/J20_rep_01_K100.npz,stored instance,1000,10012165,20012166,4,8ddbcae4017ce2486afa3c7943dfd2df9a9101cb773dfa930c68888ec5fc8e1b
5.3,S53_J20_R2,20,100,2,,12265,12266,separate_service_and_lateness_seeds,instances/section_5_3/J20_rep_02_K100.npz,stored instance,1000,10012265,20012266,4,f90ee7696a23f711a5f9dc2f40e56451707f5c887a044f2dbc06f7c6d0a56043
5.3,S53_J20_R3,20,100,3,,12365,12366,separate_service_and_lateness_seeds,instances/section_5_3/J20_rep_03_K100.npz,stored instance,1000,10012365,20012366,4,136b559a94fe858eff34e9e207cefc6b928cce6b7199f211f59fb445dd330498
5.3,S53_J20_R4,20,100,4,,12465,12466,separate_service_and_lateness_seeds,instances/section_5_3/J20_rep_04_K100.npz,stored instance,1000,10012465,20012466,4,9b40b002fa1f696b2aa88bab98d264199b60c38907526151edd991e01f9d27b0
5.3,S53_J20_R5,20,100,5,,12565,12566,separate_service_and_lateness_seeds,instances/section_5_3/J20_rep_05_K100.npz,stored instance,1000,10012565,20012566,4,fcf760f49ef743fada71e26f031c38fb7bdbc3598431aa14c64dc6b7594446cc
5.3,S53_J20_R6,20,100,6,,12665,12666,separate_service_and_lateness_seeds,instances/section_5_3/J20_rep_06_K100.npz,stored instance,1000,10012665,20012666,4,c9237fa0b9faf1f157944fa640f244d3eb78d5931547d48dceefa14da62f5423
5.3,S53_J20_R7,20,100,7,,12765,12766,separate_service_and_lateness_seeds,instances/section_5_3/J20_rep_07_K100.npz,stored instance,1000,10012765,20012766,4,73bc2e41feea4f0f17f1898c84349f3d0b975cbe067b84bcb48119f169036dfb
5.3,S53_J20_R8,20,100,8,,12865,12866,separate_service_and_lateness_seeds,instances/section_5_3/J20_rep_08_K100.npz,stored instance,1000,10012865,20012866,4,a7f664b42e58a5fc0ba8fc383b7f2cb1519f4c6973e42c3a9cb004399ff01d46
5.3,S53_J20_R9,20,100,9,,12965,12966,separate_service_and_lateness_seeds,instances/section_5_3/J20_rep_09_K100.npz,stored instance,1000,10012965,20012966,4,89d64b866b01c455da79658abc69a39562358550ff1031f8a0e9dc5e6cec4a45
5.4,S54_K50_KAPPA0_R0,4,50,0,0,2025,2025,common_replication_seed,instances/section_5_4/rep_00_base_K500.npz,"use scenarios 0:50; tau=clip(0*tau,0,0.5); psi=clip(0*psi,0,0.5)",,,,1,4fdb28fb2d3b814c0183d9a38c31e9c6d27b3d3dd0e9ada0a3e042bf08fb3461
5.4,S54_K50_KAPPA0.25_R0,4,50,0,0.25,2025,2025,common_replication_seed,instances/section_5_4/rep_00_base_K500.npz,"use scenarios 0:50; tau=clip(0.25*tau,0,0.5); psi=clip(0.25*psi,0,0.5)",,,,1,4fdb28fb2d3b814c0183d9a38c31e9c6d27b3d3dd0e9ada0a3e042bf08fb3461
5.4,S54_K50_KAPPA0.75_R0,4,50,0,0.75,2025,2025,common_replication_seed,instances/section_5_4/rep_00_base_K500.npz,"use scenarios 0:50; tau=clip(0.75*tau,0,0.5); psi=clip(0.75*psi,0,0.5)",,,,1,4fdb28fb2d3b814c0183d9a38c31e9c6d27b3d3dd0e9ada0a3e042bf08fb3461
5.4,S54_K50_KAPPA1_R0,4,50,0,1,2025,2025,common_replication_seed,instances/section_5_4/rep_00_base_K500.npz,"use scenarios 0:50; tau=clip(1*tau,0,0.5); psi=clip(1*psi,0,0.5)",,,,1,4fdb28fb2d3b814c0183d9a38c31e9c6d27b3d3dd0e9ada0a3e042bf08fb3461
5.4,S54_K50_KAPPA1.5_R0,4,50,0,1.5,2025,2025,common_replication_seed,instances/section_5_4/rep_00_base_K500.npz,"use scenarios 0:50; tau=clip(1.5*tau,0,0.5); psi=clip(1.5*psi,0,0.5)",,,,1,4fdb28fb2d3b814c0183d9a38c31e9c6d27b3d3dd0e9ada0a3e042bf08fb3461
5.4,S54_K50_KAPPA2_R0,4,50,0,2,2025,2025,common_replication_seed,instances/section_5_4/rep_00_base_K500.npz,"use scenarios 0:50; tau=clip(2*tau,0,0.5); psi=clip(2*psi,0,0.5)",,,,1,4fdb28fb2d3b814c0183d9a38c31e9c6d27b3d3dd0e9ada0a3e042bf08fb3461
5.4,S54_K200_KAPPA0_R0,4,200,0,0,2025,2025,common_replication_seed,instances/section_5_4/rep_00_base_K500.npz,"use scenarios 0:200; tau=clip(0*tau,0,0.5); psi=clip(0*psi,0,0.5)",,,,1,4fdb28fb2d3b814c0183d9a38c31e9c6d27b3d3dd0e9ada0a3e042bf08fb3461
5.4,S54_K200_KAPPA0.25_R0,4,200,0,0.25,2025,2025,common_replication_seed,instances/section_5_4/rep_00_base_K500.npz,"use scenarios 0:200; tau=clip(0.25*tau,0,0.5); psi=clip(0.25*psi,0,0.5)",,,,1,4fdb28fb2d3b814c0183d9a38c31e9c6d27b3d3dd0e9ada0a3e042bf08fb3461
5.4,S54_K200_KAPPA0.75_R0,4,200,0,0.75,2025,2025,common_replication_seed,instances/section_5_4/rep_00_base_K500.npz,"use scenarios 0:200; tau=clip(0.75*tau,0,0.5); psi=clip(0.75*psi,0,0.5)",,,,1,4fdb28fb2d3b814c0183d9a38c31e9c6d27b3d3dd0e9ada0a3e042bf08fb3461
5.4,S54_K200_KAPPA1_R0,4,200,0,1,2025,2025,common_replication_seed,instances/section_5_4/rep_00_base_K500.npz,"use scenarios 0:200; tau=clip(1*tau,0,0.5); psi=clip(1*psi,0,0.5)",,,,1,4fdb28fb2d3b814c0183d9a38c31e9c6d27b3d3dd0e9ada0a3e042bf08fb3461
5.4,S54_K200_KAPPA1.5_R0,4,200,0,1.5,2025,2025,common_replication_seed,instances/section_5_4/rep_00_base_K500.npz,"use scenarios 0:200; tau=clip(1.5*tau,0,0.5); psi=clip(1.5*psi,0,0.5)",,,,1,4fdb28fb2d3b814c0183d9a38c31e9c6d27b3d3dd0e9ada0a3e042bf08fb3461
5.4,S54_K200_KAPPA2_R0,4,200,0,2,2025,2025,common_replication_seed,instances/section_5_4/rep_00_base_K500.npz,"use scenarios 0:200; tau=clip(2*tau,0,0.5); psi=clip(2*psi,0,0.5)",,,,1,4fdb28fb2d3b814c0183d9a38c31e9c6d27b3d3dd0e9ada0a3e042bf08fb3461
5.4,S54_K500_KAPPA0_R0,4,500,0,0,2025,2025,common_replication_seed,instances/section_5_4/rep_00_base_K500.npz,"use scenarios 0:500; tau=clip(0*tau,0,0.5); psi=clip(0*psi,0,0.5)",,,,1,4fdb28fb2d3b814c0183d9a38c31e9c6d27b3d3dd0e9ada0a3e042bf08fb3461
5.4,S54_K500_KAPPA0.25_R0,4,500,0,0.25,2025,2025,common_replication_seed,instances/section_5_4/rep_00_base_K500.npz,"use scenarios 0:500; tau=clip(0.25*tau,0,0.5); psi=clip(0.25*psi,0,0.5)",,,,1,4fdb28fb2d3b814c0183d9a38c31e9c6d27b3d3dd0e9ada0a3e042bf08fb3461
5.4,S54_K500_KAPPA0.75_R0,4,500,0,0.75,2025,2025,common_replication_seed,instances/section_5_4/rep_00_base_K500.npz,"use scenarios 0:500; tau=clip(0.75*tau,0,0.5); psi=clip(0.75*psi,0,0.5)",,,,1,4fdb28fb2d3b814c0183d9a38c31e9c6d27b3d3dd0e9ada0a3e042bf08fb3461
5.4,S54_K500_KAPPA1_R0,4,500,0,1,2025,2025,common_replication_seed,instances/section_5_4/rep_00_base_K500.npz,"use scenarios 0:500; tau=clip(1*tau,0,0.5); psi=clip(1*psi,0,0.5)",,,,1,4fdb28fb2d3b814c0183d9a38c31e9c6d27b3d3dd0e9ada0a3e042bf08fb3461
5.4,S54_K500_KAPPA1.5_R0,4,500,0,1.5,2025,2025,common_replication_seed,instances/section_5_4/rep_00_base_K500.npz,"use scenarios 0:500; tau=clip(1.5*tau,0,0.5); psi=clip(1.5*psi,0,0.5)",,,,1,4fdb28fb2d3b814c0183d9a38c31e9c6d27b3d3dd0e9ada0a3e042bf08fb3461
5.4,S54_K500_KAPPA2_R0,4,500,0,2,2025,2025,common_replication_seed,instances/section_5_4/rep_00_base_K500.npz,"use scenarios 0:500; tau=clip(2*tau,0,0.5); psi=clip(2*psi,0,0.5)",,,,1,4fdb28fb2d3b814c0183d9a38c31e9c6d27b3d3dd0e9ada0a3e042bf08fb3461
5.4,S54_K50_KAPPA0_R1,4,50,1,0,2035,2035,common_replication_seed,instances/section_5_4/rep_01_base_K500.npz,"use scenarios 0:50; tau=clip(0*tau,0,0.5); psi=clip(0*psi,0,0.5)",,,,1,045696d8bc97d7d50b7666a7b8c1fcecd59aa91810bab0372ebdfda97c99fd18
5.4,S54_K50_KAPPA0.25_R1,4,50,1,0.25,2035,2035,common_replication_seed,instances/section_5_4/rep_01_base_K500.npz,"use scenarios 0:50; tau=clip(0.25*tau,0,0.5); psi=clip(0.25*psi,0,0.5)",,,,1,045696d8bc97d7d50b7666a7b8c1fcecd59aa91810bab0372ebdfda97c99fd18
5.4,S54_K50_KAPPA0.75_R1,4,50,1,0.75,2035,2035,common_replication_seed,instances/section_5_4/rep_01_base_K500.npz,"use scenarios 0:50; tau=clip(0.75*tau,0,0.5); psi=clip(0.75*psi,0,0.5)",,,,1,045696d8bc97d7d50b7666a7b8c1fcecd59aa91810bab0372ebdfda97c99fd18
5.4,S54_K50_KAPPA1_R1,4,50,1,1,2035,2035,common_replication_seed,instances/section_5_4/rep_01_base_K500.npz,"use scenarios 0:50; tau=clip(1*tau,0,0.5); psi=clip(1*psi,0,0.5)",,,,1,045696d8bc97d7d50b7666a7b8c1fcecd59aa91810bab0372ebdfda97c99fd18
5.4,S54_K50_KAPPA1.5_R1,4,50,1,1.5,2035,2035,common_replication_seed,instances/section_5_4/rep_01_base_K500.npz,"use scenarios 0:50; tau=clip(1.5*tau,0,0.5); psi=clip(1.5*psi,0,0.5)",,,,1,045696d8bc97d7d50b7666a7b8c1fcecd59aa91810bab0372ebdfda97c99fd18
5.4,S54_K50_KAPPA2_R1,4,50,1,2,2035,2035,common_replication_seed,instances/section_5_4/rep_01_base_K500.npz,"use scenarios 0:50; tau=clip(2*tau,0,0.5); psi=clip(2*psi,0,0.5)",,,,1,045696d8bc97d7d50b7666a7b8c1fcecd59aa91810bab0372ebdfda97c99fd18
5.4,S54_K200_KAPPA0_R1,4,200,1,0,2035,2035,common_replication_seed,instances/section_5_4/rep_01_base_K500.npz,"use scenarios 0:200; tau=clip(0*tau,0,0.5); psi=clip(0*psi,0,0.5)",,,,1,045696d8bc97d7d50b7666a7b8c1fcecd59aa91810bab0372ebdfda97c99fd18
5.4,S54_K200_KAPPA0.25_R1,4,200,1,0.25,2035,2035,common_replication_seed,instances/section_5_4/rep_01_base_K500.npz,"use scenarios 0:200; tau=clip(0.25*tau,0,0.5); psi=clip(0.25*psi,0,0.5)",,,,1,045696d8bc97d7d50b7666a7b8c1fcecd59aa91810bab0372ebdfda97c99fd18
5.4,S54_K200_KAPPA0.75_R1,4,200,1,0.75,2035,2035,common_replication_seed,instances/section_5_4/rep_01_base_K500.npz,"use scenarios 0:200; tau=clip(0.75*tau,0,0.5); psi=clip(0.75*psi,0,0.5)",,,,1,045696d8bc97d7d50b7666a7b8c1fcecd59aa91810bab0372ebdfda97c99fd18
5.4,S54_K200_KAPPA1_R1,4,200,1,1,2035,2035,common_replication_seed,instances/section_5_4/rep_01_base_K500.npz,"use scenarios 0:200; tau=clip(1*tau,0,0.5); psi=clip(1*psi,0,0.5)",,,,1,045696d8bc97d7d50b7666a7b8c1fcecd59aa91810bab0372ebdfda97c99fd18
5.4,S54_K200_KAPPA1.5_R1,4,200,1,1.5,2035,2035,common_replication_seed,instances/section_5_4/rep_01_base_K500.npz,"use scenarios 0:200; tau=clip(1.5*tau,0,0.5); psi=clip(1.5*psi,0,0.5)",,,,1,045696d8bc97d7d50b7666a7b8c1fcecd59aa91810bab0372ebdfda97c99fd18
5.4,S54_K200_KAPPA2_R1,4,200,1,2,2035,2035,common_replication_seed,instances/section_5_4/rep_01_base_K500.npz,"use scenarios 0:200; tau=clip(2*tau,0,0.5); psi=clip(2*psi,0,0.5)",,,,1,045696d8bc97d7d50b7666a7b8c1fcecd59aa91810bab0372ebdfda97c99fd18
5.4,S54_K500_KAPPA0_R1,4,500,1,0,2035,2035,common_replication_seed,instances/section_5_4/rep_01_base_K500.npz,"use scenarios 0:500; tau=clip(0*tau,0,0.5); psi=clip(0*psi,0,0.5)",,,,1,045696d8bc97d7d50b7666a7b8c1fcecd59aa91810bab0372ebdfda97c99fd18
5.4,S54_K500_KAPPA0.25_R1,4,500,1,0.25,2035,2035,common_replication_seed,instances/section_5_4/rep_01_base_K500.npz,"use scenarios 0:500; tau=clip(0.25*tau,0,0.5); psi=clip(0.25*psi,0,0.5)",,,,1,045696d8bc97d7d50b7666a7b8c1fcecd59aa91810bab0372ebdfda97c99fd18
5.4,S54_K500_KAPPA0.75_R1,4,500,1,0.75,2035,2035,common_replication_seed,instances/section_5_4/rep_01_base_K500.npz,"use scenarios 0:500; tau=clip(0.75*tau,0,0.5); psi=clip(0.75*psi,0,0.5)",,,,1,045696d8bc97d7d50b7666a7b8c1fcecd59aa91810bab0372ebdfda97c99fd18
5.4,S54_K500_KAPPA1_R1,4,500,1,1,2035,2035,common_replication_seed,instances/section_5_4/rep_01_base_K500.npz,"use scenarios 0:500; tau=clip(1*tau,0,0.5); psi=clip(1*psi,0,0.5)",,,,1,045696d8bc97d7d50b7666a7b8c1fcecd59aa91810bab0372ebdfda97c99fd18
5.4,S54_K500_KAPPA1.5_R1,4,500,1,1.5,2035,2035,common_replication_seed,instances/section_5_4/rep_01_base_K500.npz,"use scenarios 0:500; tau=clip(1.5*tau,0,0.5); psi=clip(1.5*psi,0,0.5)",,,,1,045696d8bc97d7d50b7666a7b8c1fcecd59aa91810bab0372ebdfda97c99fd18
5.4,S54_K500_KAPPA2_R1,4,500,1,2,2035,2035,common_replication_seed,instances/section_5_4/rep_01_base_K500.npz,"use scenarios 0:500; tau=clip(2*tau,0,0.5); psi=clip(2*psi,0,0.5)",,,,1,045696d8bc97d7d50b7666a7b8c1fcecd59aa91810bab0372ebdfda97c99fd18
5.4,S54_K50_KAPPA0_R2,4,50,2,0,2045,2045,common_replication_seed,instances/section_5_4/rep_02_base_K500.npz,"use scenarios 0:50; tau=clip(0*tau,0,0.5); psi=clip(0*psi,0,0.5)",,,,1,16873c50685c970a321d3807d0a34f4c5349840a877299b865d5e3a2f3814298
5.4,S54_K50_KAPPA0.25_R2,4,50,2,0.25,2045,2045,common_replication_seed,instances/section_5_4/rep_02_base_K500.npz,"use scenarios 0:50; tau=clip(0.25*tau,0,0.5); psi=clip(0.25*psi,0,0.5)",,,,1,16873c50685c970a321d3807d0a34f4c5349840a877299b865d5e3a2f3814298
5.4,S54_K50_KAPPA0.75_R2,4,50,2,0.75,2045,2045,common_replication_seed,instances/section_5_4/rep_02_base_K500.npz,"use scenarios 0:50; tau=clip(0.75*tau,0,0.5); psi=clip(0.75*psi,0,0.5)",,,,1,16873c50685c970a321d3807d0a34f4c5349840a877299b865d5e3a2f3814298
5.4,S54_K50_KAPPA1_R2,4,50,2,1,2045,2045,common_replication_seed,instances/section_5_4/rep_02_base_K500.npz,"use scenarios 0:50; tau=clip(1*tau,0,0.5); psi=clip(1*psi,0,0.5)",,,,1,16873c50685c970a321d3807d0a34f4c5349840a877299b865d5e3a2f3814298
5.4,S54_K50_KAPPA1.5_R2,4,50,2,1.5,2045,2045,common_replication_seed,instances/section_5_4/rep_02_base_K500.npz,"use scenarios 0:50; tau=clip(1.5*tau,0,0.5); psi=clip(1.5*psi,0,0.5)",,,,1,16873c50685c970a321d3807d0a34f4c5349840a877299b865d5e3a2f3814298
5.4,S54_K50_KAPPA2_R2,4,50,2,2,2045,2045,common_replication_seed,instances/section_5_4/rep_02_base_K500.npz,"use scenarios 0:50; tau=clip(2*tau,0,0.5); psi=clip(2*psi,0,0.5)",,,,1,16873c50685c970a321d3807d0a34f4c5349840a877299b865d5e3a2f3814298
5.4,S54_K200_KAPPA0_R2,4,200,2,0,2045,2045,common_replication_seed,instances/section_5_4/rep_02_base_K500.npz,"use scenarios 0:200; tau=clip(0*tau,0,0.5); psi=clip(0*psi,0,0.5)",,,,1,16873c50685c970a321d3807d0a34f4c5349840a877299b865d5e3a2f3814298
5.4,S54_K200_KAPPA0.25_R2,4,200,2,0.25,2045,2045,common_replication_seed,instances/section_5_4/rep_02_base_K500.npz,"use scenarios 0:200; tau=clip(0.25*tau,0,0.5); psi=clip(0.25*psi,0,0.5)",,,,1,16873c50685c970a321d3807d0a34f4c5349840a877299b865d5e3a2f3814298
5.4,S54_K200_KAPPA0.75_R2,4,200,2,0.75,2045,2045,common_replication_seed,instances/section_5_4/rep_02_base_K500.npz,"use scenarios 0:200; tau=clip(0.75*tau,0,0.5); psi=clip(0.75*psi,0,0.5)",,,,1,16873c50685c970a321d3807d0a34f4c5349840a877299b865d5e3a2f3814298
5.4,S54_K200_KAPPA1_R2,4,200,2,1,2045,2045,common_replication_seed,instances/section_5_4/rep_02_base_K500.npz,"use scenarios 0:200; tau=clip(1*tau,0,0.5); psi=clip(1*psi,0,0.5)",,,,1,16873c50685c970a321d3807d0a34f4c5349840a877299b865d5e3a2f3814298
5.4,S54_K200_KAPPA1.5_R2,4,200,2,1.5,2045,2045,common_replication_seed,instances/section_5_4/rep_02_base_K500.npz,"use scenarios 0:200; tau=clip(1.5*tau,0,0.5); psi=clip(1.5*psi,0,0.5)",,,,1,16873c50685c970a321d3807d0a34f4c5349840a877299b865d5e3a2f3814298
5.4,S54_K200_KAPPA2_R2,4,200,2,2,2045,2045,common_replication_seed,instances/section_5_4/rep_02_base_K500.npz,"use scenarios 0:200; tau=clip(2*tau,0,0.5); psi=clip(2*psi,0,0.5)",,,,1,16873c50685c970a321d3807d0a34f4c5349840a877299b865d5e3a2f3814298
5.4,S54_K500_KAPPA0_R2,4,500,2,0,2045,2045,common_replication_seed,instances/section_5_4/rep_02_base_K500.npz,"use scenarios 0:500; tau=clip(0*tau,0,0.5); psi=clip(0*psi,0,0.5)",,,,1,16873c50685c970a321d3807d0a34f4c5349840a877299b865d5e3a2f3814298
5.4,S54_K500_KAPPA0.25_R2,4,500,2,0.25,2045,2045,common_replication_seed,instances/section_5_4/rep_02_base_K500.npz,"use scenarios 0:500; tau=clip(0.25*tau,0,0.5); psi=clip(0.25*psi,0,0.5)",,,,1,16873c50685c970a321d3807d0a34f4c5349840a877299b865d5e3a2f3814298
5.4,S54_K500_KAPPA0.75_R2,4,500,2,0.75,2045,2045,common_replication_seed,instances/section_5_4/rep_02_base_K500.npz,"use scenarios 0:500; tau=clip(0.75*tau,0,0.5); psi=clip(0.75*psi,0,0.5)",,,,1,16873c50685c970a321d3807d0a34f4c5349840a877299b865d5e3a2f3814298
5.4,S54_K500_KAPPA1_R2,4,500,2,1,2045,2045,common_replication_seed,instances/section_5_4/rep_02_base_K500.npz,"use scenarios 0:500; tau=clip(1*tau,0,0.5); psi=clip(1*psi,0,0.5)",,,,1,16873c50685c970a321d3807d0a34f4c5349840a877299b865d5e3a2f3814298
5.4,S54_K500_KAPPA1.5_R2,4,500,2,1.5,2045,2045,common_replication_seed,instances/section_5_4/rep_02_base_K500.npz,"use scenarios 0:500; tau=clip(1.5*tau,0,0.5); psi=clip(1.5*psi,0,0.5)",,,,1,16873c50685c970a321d3807d0a34f4c5349840a877299b865d5e3a2f3814298
5.4,S54_K500_KAPPA2_R2,4,500,2,2,2045,2045,common_replication_seed,instances/section_5_4/rep_02_base_K500.npz,"use scenarios 0:500; tau=clip(2*tau,0,0.5); psi=clip(2*psi,0,0.5)",,,,1,16873c50685c970a321d3807d0a34f4c5349840a877299b865d5e3a2f3814298
5.4,S54_K50_KAPPA0_R3,4,50,3,0,2055,2055,common_replication_seed,instances/section_5_4/rep_03_base_K500.npz,"use scenarios 0:50; tau=clip(0*tau,0,0.5); psi=clip(0*psi,0,0.5)",,,,1,a18591b8bc46e680c0e19308f1d8bd8705eef686f90fd6fb72acb74a6529b8e4
5.4,S54_K50_KAPPA0.25_R3,4,50,3,0.25,2055,2055,common_replication_seed,instances/section_5_4/rep_03_base_K500.npz,"use scenarios 0:50; tau=clip(0.25*tau,0,0.5); psi=clip(0.25*psi,0,0.5)",,,,1,a18591b8bc46e680c0e19308f1d8bd8705eef686f90fd6fb72acb74a6529b8e4
5.4,S54_K50_KAPPA0.75_R3,4,50,3,0.75,2055,2055,common_replication_seed,instances/section_5_4/rep_03_base_K500.npz,"use scenarios 0:50; tau=clip(0.75*tau,0,0.5); psi=clip(0.75*psi,0,0.5)",,,,1,a18591b8bc46e680c0e19308f1d8bd8705eef686f90fd6fb72acb74a6529b8e4
5.4,S54_K50_KAPPA1_R3,4,50,3,1,2055,2055,common_replication_seed,instances/section_5_4/rep_03_base_K500.npz,"use scenarios 0:50; tau=clip(1*tau,0,0.5); psi=clip(1*psi,0,0.5)",,,,1,a18591b8bc46e680c0e19308f1d8bd8705eef686f90fd6fb72acb74a6529b8e4
5.4,S54_K50_KAPPA1.5_R3,4,50,3,1.5,2055,2055,common_replication_seed,instances/section_5_4/rep_03_base_K500.npz,"use scenarios 0:50; tau=clip(1.5*tau,0,0.5); psi=clip(1.5*psi,0,0.5)",,,,1,a18591b8bc46e680c0e19308f1d8bd8705eef686f90fd6fb72acb74a6529b8e4
5.4,S54_K50_KAPPA2_R3,4,50,3,2,2055,2055,common_replication_seed,instances/section_5_4/rep_03_base_K500.npz,"use scenarios 0:50; tau=clip(2*tau,0,0.5); psi=clip(2*psi,0,0.5)",,,,1,a18591b8bc46e680c0e19308f1d8bd8705eef686f90fd6fb72acb74a6529b8e4
5.4,S54_K200_KAPPA0_R3,4,200,3,0,2055,2055,common_replication_seed,instances/section_5_4/rep_03_base_K500.npz,"use scenarios 0:200; tau=clip(0*tau,0,0.5); psi=clip(0*psi,0,0.5)",,,,1,a18591b8bc46e680c0e19308f1d8bd8705eef686f90fd6fb72acb74a6529b8e4
5.4,S54_K200_KAPPA0.25_R3,4,200,3,0.25,2055,2055,common_replication_seed,instances/section_5_4/rep_03_base_K500.npz,"use scenarios 0:200; tau=clip(0.25*tau,0,0.5); psi=clip(0.25*psi,0,0.5)",,,,1,a18591b8bc46e680c0e19308f1d8bd8705eef686f90fd6fb72acb74a6529b8e4
5.4,S54_K200_KAPPA0.75_R3,4,200,3,0.75,2055,2055,common_replication_seed,instances/section_5_4/rep_03_base_K500.npz,"use scenarios 0:200; tau=clip(0.75*tau,0,0.5); psi=clip(0.75*psi,0,0.5)",,,,1,a18591b8bc46e680c0e19308f1d8bd8705eef686f90fd6fb72acb74a6529b8e4
5.4,S54_K200_KAPPA1_R3,4,200,3,1,2055,2055,common_replication_seed,instances/section_5_4/rep_03_base_K500.npz,"use scenarios 0:200; tau=clip(1*tau,0,0.5); psi=clip(1*psi,0,0.5)",,,,1,a18591b8bc46e680c0e19308f1d8bd8705eef686f90fd6fb72acb74a6529b8e4
5.4,S54_K200_KAPPA1.5_R3,4,200,3,1.5,2055,2055,common_replication_seed,instances/section_5_4/rep_03_base_K500.npz,"use scenarios 0:200; tau=clip(1.5*tau,0,0.5); psi=clip(1.5*psi,0,0.5)",,,,1,a18591b8bc46e680c0e19308f1d8bd8705eef686f90fd6fb72acb74a6529b8e4
5.4,S54_K200_KAPPA2_R3,4,200,3,2,2055,2055,common_replication_seed,instances/section_5_4/rep_03_base_K500.npz,"use scenarios 0:200; tau=clip(2*tau,0,0.5); psi=clip(2*psi,0,0.5)",,,,1,a18591b8bc46e680c0e19308f1d8bd8705eef686f90fd6fb72acb74a6529b8e4
5.4,S54_K500_KAPPA0_R3,4,500,3,0,2055,2055,common_replication_seed,instances/section_5_4/rep_03_base_K500.npz,"use scenarios 0:500; tau=clip(0*tau,0,0.5); psi=clip(0*psi,0,0.5)",,,,1,a18591b8bc46e680c0e19308f1d8bd8705eef686f90fd6fb72acb74a6529b8e4
5.4,S54_K500_KAPPA0.25_R3,4,500,3,0.25,2055,2055,common_replication_seed,instances/section_5_4/rep_03_base_K500.npz,"use scenarios 0:500; tau=clip(0.25*tau,0,0.5); psi=clip(0.25*psi,0,0.5)",,,,1,a18591b8bc46e680c0e19308f1d8bd8705eef686f90fd6fb72acb74a6529b8e4
5.4,S54_K500_KAPPA0.75_R3,4,500,3,0.75,2055,2055,common_replication_seed,instances/section_5_4/rep_03_base_K500.npz,"use scenarios 0:500; tau=clip(0.75*tau,0,0.5); psi=clip(0.75*psi,0,0.5)",,,,1,a18591b8bc46e680c0e19308f1d8bd8705eef686f90fd6fb72acb74a6529b8e4
5.4,S54_K500_KAPPA1_R3,4,500,3,1,2055,2055,common_replication_seed,instances/section_5_4/rep_03_base_K500.npz,"use scenarios 0:500; tau=clip(1*tau,0,0.5); psi=clip(1*psi,0,0.5)",,,,1,a18591b8bc46e680c0e19308f1d8bd8705eef686f90fd6fb72acb74a6529b8e4
5.4,S54_K500_KAPPA1.5_R3,4,500,3,1.5,2055,2055,common_replication_seed,instances/section_5_4/rep_03_base_K500.npz,"use scenarios 0:500; tau=clip(1.5*tau,0,0.5); psi=clip(1.5*psi,0,0.5)",,,,1,a18591b8bc46e680c0e19308f1d8bd8705eef686f90fd6fb72acb74a6529b8e4
5.4,S54_K500_KAPPA2_R3,4,500,3,2,2055,2055,common_replication_seed,instances/section_5_4/rep_03_base_K500.npz,"use scenarios 0:500; tau=clip(2*tau,0,0.5); psi=clip(2*psi,0,0.5)",,,,1,a18591b8bc46e680c0e19308f1d8bd8705eef686f90fd6fb72acb74a6529b8e4
5.4,S54_K50_KAPPA0_R4,4,50,4,0,2065,2065,common_replication_seed,instances/section_5_4/rep_04_base_K500.npz,"use scenarios 0:50; tau=clip(0*tau,0,0.5); psi=clip(0*psi,0,0.5)",,,,1,77780159867cfa3028acefd204d35d6156457b88d0242d9ea5bc6cefb46fb98f
5.4,S54_K50_KAPPA0.25_R4,4,50,4,0.25,2065,2065,common_replication_seed,instances/section_5_4/rep_04_base_K500.npz,"use scenarios 0:50; tau=clip(0.25*tau,0,0.5); psi=clip(0.25*psi,0,0.5)",,,,1,77780159867cfa3028acefd204d35d6156457b88d0242d9ea5bc6cefb46fb98f
5.4,S54_K50_KAPPA0.75_R4,4,50,4,0.75,2065,2065,common_replication_seed,instances/section_5_4/rep_04_base_K500.npz,"use scenarios 0:50; tau=clip(0.75*tau,0,0.5); psi=clip(0.75*psi,0,0.5)",,,,1,77780159867cfa3028acefd204d35d6156457b88d0242d9ea5bc6cefb46fb98f
5.4,S54_K50_KAPPA1_R4,4,50,4,1,2065,2065,common_replication_seed,instances/section_5_4/rep_04_base_K500.npz,"use scenarios 0:50; tau=clip(1*tau,0,0.5); psi=clip(1*psi,0,0.5)",,,,1,77780159867cfa3028acefd204d35d6156457b88d0242d9ea5bc6cefb46fb98f
5.4,S54_K50_KAPPA1.5_R4,4,50,4,1.5,2065,2065,common_replication_seed,instances/section_5_4/rep_04_base_K500.npz,"use scenarios 0:50; tau=clip(1.5*tau,0,0.5); psi=clip(1.5*psi,0,0.5)",,,,1,77780159867cfa3028acefd204d35d6156457b88d0242d9ea5bc6cefb46fb98f
5.4,S54_K50_KAPPA2_R4,4,50,4,2,2065,2065,common_replication_seed,instances/section_5_4/rep_04_base_K500.npz,"use scenarios 0:50; tau=clip(2*tau,0,0.5); psi=clip(2*psi,0,0.5)",,,,1,77780159867cfa3028acefd204d35d6156457b88d0242d9ea5bc6cefb46fb98f
5.4,S54_K200_KAPPA0_R4,4,200,4,0,2065,2065,common_replication_seed,instances/section_5_4/rep_04_base_K500.npz,"use scenarios 0:200; tau=clip(0*tau,0,0.5); psi=clip(0*psi,0,0.5)",,,,1,77780159867cfa3028acefd204d35d6156457b88d0242d9ea5bc6cefb46fb98f
5.4,S54_K200_KAPPA0.25_R4,4,200,4,0.25,2065,2065,common_replication_seed,instances/section_5_4/rep_04_base_K500.npz,"use scenarios 0:200; tau=clip(0.25*tau,0,0.5); psi=clip(0.25*psi,0,0.5)",,,,1,77780159867cfa3028acefd204d35d6156457b88d0242d9ea5bc6cefb46fb98f
5.4,S54_K200_KAPPA0.75_R4,4,200,4,0.75,2065,2065,common_replication_seed,instances/section_5_4/rep_04_base_K500.npz,"use scenarios 0:200; tau=clip(0.75*tau,0,0.5); psi=clip(0.75*psi,0,0.5)",,,,1,77780159867cfa3028acefd204d35d6156457b88d0242d9ea5bc6cefb46fb98f
5.4,S54_K200_KAPPA1_R4,4,200,4,1,2065,2065,common_replication_seed,instances/section_5_4/rep_04_base_K500.npz,"use scenarios 0:200; tau=clip(1*tau,0,0.5); psi=clip(1*psi,0,0.5)",,,,1,77780159867cfa3028acefd204d35d6156457b88d0242d9ea5bc6cefb46fb98f
5.4,S54_K200_KAPPA1.5_R4,4,200,4,1.5,2065,2065,common_replication_seed,instances/section_5_4/rep_04_base_K500.npz,"use scenarios 0:200; tau=clip(1.5*tau,0,0.5); psi=clip(1.5*psi,0,0.5)",,,,1,77780159867cfa3028acefd204d35d6156457b88d0242d9ea5bc6cefb46fb98f
5.4,S54_K200_KAPPA2_R4,4,200,4,2,2065,2065,common_replication_seed,instances/section_5_4/rep_04_base_K500.npz,"use scenarios 0:200; tau=clip(2*tau,0,0.5); psi=clip(2*psi,0,0.5)",,,,1,77780159867cfa3028acefd204d35d6156457b88d0242d9ea5bc6cefb46fb98f
5.4,S54_K500_KAPPA0_R4,4,500,4,0,2065,2065,common_replication_seed,instances/section_5_4/rep_04_base_K500.npz,"use scenarios 0:500; tau=clip(0*tau,0,0.5); psi=clip(0*psi,0,0.5)",,,,1,77780159867cfa3028acefd204d35d6156457b88d0242d9ea5bc6cefb46fb98f
5.4,S54_K500_KAPPA0.25_R4,4,500,4,0.25,2065,2065,common_replication_seed,instances/section_5_4/rep_04_base_K500.npz,"use scenarios 0:500; tau=clip(0.25*tau,0,0.5); psi=clip(0.25*psi,0,0.5)",,,,1,77780159867cfa3028acefd204d35d6156457b88d0242d9ea5bc6cefb46fb98f
5.4,S54_K500_KAPPA0.75_R4,4,500,4,0.75,2065,2065,common_replication_seed,instances/section_5_4/rep_04_base_K500.npz,"use scenarios 0:500; tau=clip(0.75*tau,0,0.5); psi=clip(0.75*psi,0,0.5)",,,,1,77780159867cfa3028acefd204d35d6156457b88d0242d9ea5bc6cefb46fb98f
5.4,S54_K500_KAPPA1_R4,4,500,4,1,2065,2065,common_replication_seed,instances/section_5_4/rep_04_base_K500.npz,"use scenarios 0:500; tau=clip(1*tau,0,0.5); psi=clip(1*psi,0,0.5)",,,,1,77780159867cfa3028acefd204d35d6156457b88d0242d9ea5bc6cefb46fb98f
5.4,S54_K500_KAPPA1.5_R4,4,500,4,1.5,2065,2065,common_replication_seed,instances/section_5_4/rep_04_base_K500.npz,"use scenarios 0:500; tau=clip(1.5*tau,0,0.5); psi=clip(1.5*psi,0,0.5)",,,,1,77780159867cfa3028acefd204d35d6156457b88d0242d9ea5bc6cefb46fb98f
5.4,S54_K500_KAPPA2_R4,4,500,4,2,2065,2065,common_replication_seed,instances/section_5_4/rep_04_base_K500.npz,"use scenarios 0:500; tau=clip(2*tau,0,0.5); psi=clip(2*psi,0,0.5)",,,,1,77780159867cfa3028acefd204d35d6156457b88d0242d9ea5bc6cefb46fb98f
5.4,S54_K50_KAPPA0_R5,4,50,5,0,2075,2075,common_replication_seed,instances/section_5_4/rep_05_base_K500.npz,"use scenarios 0:50; tau=clip(0*tau,0,0.5); psi=clip(0*psi,0,0.5)",,,,1,951f5798d0ab088a0f7bcaf98ff7f90cae343d1270b007e17a7fa64d99837185
5.4,S54_K50_KAPPA0.25_R5,4,50,5,0.25,2075,2075,common_replication_seed,instances/section_5_4/rep_05_base_K500.npz,"use scenarios 0:50; tau=clip(0.25*tau,0,0.5); psi=clip(0.25*psi,0,0.5)",,,,1,951f5798d0ab088a0f7bcaf98ff7f90cae343d1270b007e17a7fa64d99837185
5.4,S54_K50_KAPPA0.75_R5,4,50,5,0.75,2075,2075,common_replication_seed,instances/section_5_4/rep_05_base_K500.npz,"use scenarios 0:50; tau=clip(0.75*tau,0,0.5); psi=clip(0.75*psi,0,0.5)",,,,1,951f5798d0ab088a0f7bcaf98ff7f90cae343d1270b007e17a7fa64d99837185
5.4,S54_K50_KAPPA1_R5,4,50,5,1,2075,2075,common_replication_seed,instances/section_5_4/rep_05_base_K500.npz,"use scenarios 0:50; tau=clip(1*tau,0,0.5); psi=clip(1*psi,0,0.5)",,,,1,951f5798d0ab088a0f7bcaf98ff7f90cae343d1270b007e17a7fa64d99837185
5.4,S54_K50_KAPPA1.5_R5,4,50,5,1.5,2075,2075,common_replication_seed,instances/section_5_4/rep_05_base_K500.npz,"use scenarios 0:50; tau=clip(1.5*tau,0,0.5); psi=clip(1.5*psi,0,0.5)",,,,1,951f5798d0ab088a0f7bcaf98ff7f90cae343d1270b007e17a7fa64d99837185
5.4,S54_K50_KAPPA2_R5,4,50,5,2,2075,2075,common_replication_seed,instances/section_5_4/rep_05_base_K500.npz,"use scenarios 0:50; tau=clip(2*tau,0,0.5); psi=clip(2*psi,0,0.5)",,,,1,951f5798d0ab088a0f7bcaf98ff7f90cae343d1270b007e17a7fa64d99837185
5.4,S54_K200_KAPPA0_R5,4,200,5,0,2075,2075,common_replication_seed,instances/section_5_4/rep_05_base_K500.npz,"use scenarios 0:200; tau=clip(0*tau,0,0.5); psi=clip(0*psi,0,0.5)",,,,1,951f5798d0ab088a0f7bcaf98ff7f90cae343d1270b007e17a7fa64d99837185
5.4,S54_K200_KAPPA0.25_R5,4,200,5,0.25,2075,2075,common_replication_seed,instances/section_5_4/rep_05_base_K500.npz,"use scenarios 0:200; tau=clip(0.25*tau,0,0.5); psi=clip(0.25*psi,0,0.5)",,,,1,951f5798d0ab088a0f7bcaf98ff7f90cae343d1270b007e17a7fa64d99837185
5.4,S54_K200_KAPPA0.75_R5,4,200,5,0.75,2075,2075,common_replication_seed,instances/section_5_4/rep_05_base_K500.npz,"use scenarios 0:200; tau=clip(0.75*tau,0,0.5); psi=clip(0.75*psi,0,0.5)",,,,1,951f5798d0ab088a0f7bcaf98ff7f90cae343d1270b007e17a7fa64d99837185
5.4,S54_K200_KAPPA1_R5,4,200,5,1,2075,2075,common_replication_seed,instances/section_5_4/rep_05_base_K500.npz,"use scenarios 0:200; tau=clip(1*tau,0,0.5); psi=clip(1*psi,0,0.5)",,,,1,951f5798d0ab088a0f7bcaf98ff7f90cae343d1270b007e17a7fa64d99837185
5.4,S54_K200_KAPPA1.5_R5,4,200,5,1.5,2075,2075,common_replication_seed,instances/section_5_4/rep_05_base_K500.npz,"use scenarios 0:200; tau=clip(1.5*tau,0,0.5); psi=clip(1.5*psi,0,0.5)",,,,1,951f5798d0ab088a0f7bcaf98ff7f90cae343d1270b007e17a7fa64d99837185
5.4,S54_K200_KAPPA2_R5,4,200,5,2,2075,2075,common_replication_seed,instances/section_5_4/rep_05_base_K500.npz,"use scenarios 0:200; tau=clip(2*tau,0,0.5); psi=clip(2*psi,0,0.5)",,,,1,951f5798d0ab088a0f7bcaf98ff7f90cae343d1270b007e17a7fa64d99837185
5.4,S54_K500_KAPPA0_R5,4,500,5,0,2075,2075,common_replication_seed,instances/section_5_4/rep_05_base_K500.npz,"use scenarios 0:500; tau=clip(0*tau,0,0.5); psi=clip(0*psi,0,0.5)",,,,1,951f5798d0ab088a0f7bcaf98ff7f90cae343d1270b007e17a7fa64d99837185
5.4,S54_K500_KAPPA0.25_R5,4,500,5,0.25,2075,2075,common_replication_seed,instances/section_5_4/rep_05_base_K500.npz,"use scenarios 0:500; tau=clip(0.25*tau,0,0.5); psi=clip(0.25*psi,0,0.5)",,,,1,951f5798d0ab088a0f7bcaf98ff7f90cae343d1270b007e17a7fa64d99837185
5.4,S54_K500_KAPPA0.75_R5,4,500,5,0.75,2075,2075,common_replication_seed,instances/section_5_4/rep_05_base_K500.npz,"use scenarios 0:500; tau=clip(0.75*tau,0,0.5); psi=clip(0.75*psi,0,0.5)",,,,1,951f5798d0ab088a0f7bcaf98ff7f90cae343d1270b007e17a7fa64d99837185
5.4,S54_K500_KAPPA1_R5,4,500,5,1,2075,2075,common_replication_seed,instances/section_5_4/rep_05_base_K500.npz,"use scenarios 0:500; tau=clip(1*tau,0,0.5); psi=clip(1*psi,0,0.5)",,,,1,951f5798d0ab088a0f7bcaf98ff7f90cae343d1270b007e17a7fa64d99837185
5.4,S54_K500_KAPPA1.5_R5,4,500,5,1.5,2075,2075,common_replication_seed,instances/section_5_4/rep_05_base_K500.npz,"use scenarios 0:500; tau=clip(1.5*tau,0,0.5); psi=clip(1.5*psi,0,0.5)",,,,1,951f5798d0ab088a0f7bcaf98ff7f90cae343d1270b007e17a7fa64d99837185
5.4,S54_K500_KAPPA2_R5,4,500,5,2,2075,2075,common_replication_seed,instances/section_5_4/rep_05_base_K500.npz,"use scenarios 0:500; tau=clip(2*tau,0,0.5); psi=clip(2*psi,0,0.5)",,,,1,951f5798d0ab088a0f7bcaf98ff7f90cae343d1270b007e17a7fa64d99837185
5.4,S54_K50_KAPPA0_R6,4,50,6,0,2085,2085,common_replication_seed,instances/section_5_4/rep_06_base_K500.npz,"use scenarios 0:50; tau=clip(0*tau,0,0.5); psi=clip(0*psi,0,0.5)",,,,1,7db009f49462046540fe26967ad5f7d4b8417432a9413ce5b808af2eda1d3827
5.4,S54_K50_KAPPA0.25_R6,4,50,6,0.25,2085,2085,common_replication_seed,instances/section_5_4/rep_06_base_K500.npz,"use scenarios 0:50; tau=clip(0.25*tau,0,0.5); psi=clip(0.25*psi,0,0.5)",,,,1,7db009f49462046540fe26967ad5f7d4b8417432a9413ce5b808af2eda1d3827
5.4,S54_K50_KAPPA0.75_R6,4,50,6,0.75,2085,2085,common_replication_seed,instances/section_5_4/rep_06_base_K500.npz,"use scenarios 0:50; tau=clip(0.75*tau,0,0.5); psi=clip(0.75*psi,0,0.5)",,,,1,7db009f49462046540fe26967ad5f7d4b8417432a9413ce5b808af2eda1d3827
5.4,S54_K50_KAPPA1_R6,4,50,6,1,2085,2085,common_replication_seed,instances/section_5_4/rep_06_base_K500.npz,"use scenarios 0:50; tau=clip(1*tau,0,0.5); psi=clip(1*psi,0,0.5)",,,,1,7db009f49462046540fe26967ad5f7d4b8417432a9413ce5b808af2eda1d3827
5.4,S54_K50_KAPPA1.5_R6,4,50,6,1.5,2085,2085,common_replication_seed,instances/section_5_4/rep_06_base_K500.npz,"use scenarios 0:50; tau=clip(1.5*tau,0,0.5); psi=clip(1.5*psi,0,0.5)",,,,1,7db009f49462046540fe26967ad5f7d4b8417432a9413ce5b808af2eda1d3827
5.4,S54_K50_KAPPA2_R6,4,50,6,2,2085,2085,common_replication_seed,instances/section_5_4/rep_06_base_K500.npz,"use scenarios 0:50; tau=clip(2*tau,0,0.5); psi=clip(2*psi,0,0.5)",,,,1,7db009f49462046540fe26967ad5f7d4b8417432a9413ce5b808af2eda1d3827
5.4,S54_K200_KAPPA0_R6,4,200,6,0,2085,2085,common_replication_seed,instances/section_5_4/rep_06_base_K500.npz,"use scenarios 0:200; tau=clip(0*tau,0,0.5); psi=clip(0*psi,0,0.5)",,,,1,7db009f49462046540fe26967ad5f7d4b8417432a9413ce5b808af2eda1d3827
5.4,S54_K200_KAPPA0.25_R6,4,200,6,0.25,2085,2085,common_replication_seed,instances/section_5_4/rep_06_base_K500.npz,"use scenarios 0:200; tau=clip(0.25*tau,0,0.5); psi=clip(0.25*psi,0,0.5)",,,,1,7db009f49462046540fe26967ad5f7d4b8417432a9413ce5b808af2eda1d3827
5.4,S54_K200_KAPPA0.75_R6,4,200,6,0.75,2085,2085,common_replication_seed,instances/section_5_4/rep_06_base_K500.npz,"use scenarios 0:200; tau=clip(0.75*tau,0,0.5); psi=clip(0.75*psi,0,0.5)",,,,1,7db009f49462046540fe26967ad5f7d4b8417432a9413ce5b808af2eda1d3827
5.4,S54_K200_KAPPA1_R6,4,200,6,1,2085,2085,common_replication_seed,instances/section_5_4/rep_06_base_K500.npz,"use scenarios 0:200; tau=clip(1*tau,0,0.5); psi=clip(1*psi,0,0.5)",,,,1,7db009f49462046540fe26967ad5f7d4b8417432a9413ce5b808af2eda1d3827
5.4,S54_K200_KAPPA1.5_R6,4,200,6,1.5,2085,2085,common_replication_seed,instances/section_5_4/rep_06_base_K500.npz,"use scenarios 0:200; tau=clip(1.5*tau,0,0.5); psi=clip(1.5*psi,0,0.5)",,,,1,7db009f49462046540fe26967ad5f7d4b8417432a9413ce5b808af2eda1d3827
5.4,S54_K200_KAPPA2_R6,4,200,6,2,2085,2085,common_replication_seed,instances/section_5_4/rep_06_base_K500.npz,"use scenarios 0:200; tau=clip(2*tau,0,0.5); psi=clip(2*psi,0,0.5)",,,,1,7db009f49462046540fe26967ad5f7d4b8417432a9413ce5b808af2eda1d3827
5.4,S54_K500_KAPPA0_R6,4,500,6,0,2085,2085,common_replication_seed,instances/section_5_4/rep_06_base_K500.npz,"use scenarios 0:500; tau=clip(0*tau,0,0.5); psi=clip(0*psi,0,0.5)",,,,1,7db009f49462046540fe26967ad5f7d4b8417432a9413ce5b808af2eda1d3827
5.4,S54_K500_KAPPA0.25_R6,4,500,6,0.25,2085,2085,common_replication_seed,instances/section_5_4/rep_06_base_K500.npz,"use scenarios 0:500; tau=clip(0.25*tau,0,0.5); psi=clip(0.25*psi,0,0.5)",,,,1,7db009f49462046540fe26967ad5f7d4b8417432a9413ce5b808af2eda1d3827
5.4,S54_K500_KAPPA0.75_R6,4,500,6,0.75,2085,2085,common_replication_seed,instances/section_5_4/rep_06_base_K500.npz,"use scenarios 0:500; tau=clip(0.75*tau,0,0.5); psi=clip(0.75*psi,0,0.5)",,,,1,7db009f49462046540fe26967ad5f7d4b8417432a9413ce5b808af2eda1d3827
5.4,S54_K500_KAPPA1_R6,4,500,6,1,2085,2085,common_replication_seed,instances/section_5_4/rep_06_base_K500.npz,"use scenarios 0:500; tau=clip(1*tau,0,0.5); psi=clip(1*psi,0,0.5)",,,,1,7db009f49462046540fe26967ad5f7d4b8417432a9413ce5b808af2eda1d3827
5.4,S54_K500_KAPPA1.5_R6,4,500,6,1.5,2085,2085,common_replication_seed,instances/section_5_4/rep_06_base_K500.npz,"use scenarios 0:500; tau=clip(1.5*tau,0,0.5); psi=clip(1.5*psi,0,0.5)",,,,1,7db009f49462046540fe26967ad5f7d4b8417432a9413ce5b808af2eda1d3827
5.4,S54_K500_KAPPA2_R6,4,500,6,2,2085,2085,common_replication_seed,instances/section_5_4/rep_06_base_K500.npz,"use scenarios 0:500; tau=clip(2*tau,0,0.5); psi=clip(2*psi,0,0.5)",,,,1,7db009f49462046540fe26967ad5f7d4b8417432a9413ce5b808af2eda1d3827
5.4,S54_K50_KAPPA0_R7,4,50,7,0,2095,2095,common_replication_seed,instances/section_5_4/rep_07_base_K500.npz,"use scenarios 0:50; tau=clip(0*tau,0,0.5); psi=clip(0*psi,0,0.5)",,,,1,d97baa93de3043b7d829319d245ffdd6cde1a6ba91aae970862ae71f19afa37c
5.4,S54_K50_KAPPA0.25_R7,4,50,7,0.25,2095,2095,common_replication_seed,instances/section_5_4/rep_07_base_K500.npz,"use scenarios 0:50; tau=clip(0.25*tau,0,0.5); psi=clip(0.25*psi,0,0.5)",,,,1,d97baa93de3043b7d829319d245ffdd6cde1a6ba91aae970862ae71f19afa37c
5.4,S54_K50_KAPPA0.75_R7,4,50,7,0.75,2095,2095,common_replication_seed,instances/section_5_4/rep_07_base_K500.npz,"use scenarios 0:50; tau=clip(0.75*tau,0,0.5); psi=clip(0.75*psi,0,0.5)",,,,1,d97baa93de3043b7d829319d245ffdd6cde1a6ba91aae970862ae71f19afa37c
5.4,S54_K50_KAPPA1_R7,4,50,7,1,2095,2095,common_replication_seed,instances/section_5_4/rep_07_base_K500.npz,"use scenarios 0:50; tau=clip(1*tau,0,0.5); psi=clip(1*psi,0,0.5)",,,,1,d97baa93de3043b7d829319d245ffdd6cde1a6ba91aae970862ae71f19afa37c
5.4,S54_K50_KAPPA1.5_R7,4,50,7,1.5,2095,2095,common_replication_seed,instances/section_5_4/rep_07_base_K500.npz,"use scenarios 0:50; tau=clip(1.5*tau,0,0.5); psi=clip(1.5*psi,0,0.5)",,,,1,d97baa93de3043b7d829319d245ffdd6cde1a6ba91aae970862ae71f19afa37c
5.4,S54_K50_KAPPA2_R7,4,50,7,2,2095,2095,common_replication_seed,instances/section_5_4/rep_07_base_K500.npz,"use scenarios 0:50; tau=clip(2*tau,0,0.5); psi=clip(2*psi,0,0.5)",,,,1,d97baa93de3043b7d829319d245ffdd6cde1a6ba91aae970862ae71f19afa37c
5.4,S54_K200_KAPPA0_R7,4,200,7,0,2095,2095,common_replication_seed,instances/section_5_4/rep_07_base_K500.npz,"use scenarios 0:200; tau=clip(0*tau,0,0.5); psi=clip(0*psi,0,0.5)",,,,1,d97baa93de3043b7d829319d245ffdd6cde1a6ba91aae970862ae71f19afa37c
5.4,S54_K200_KAPPA0.25_R7,4,200,7,0.25,2095,2095,common_replication_seed,instances/section_5_4/rep_07_base_K500.npz,"use scenarios 0:200; tau=clip(0.25*tau,0,0.5); psi=clip(0.25*psi,0,0.5)",,,,1,d97baa93de3043b7d829319d245ffdd6cde1a6ba91aae970862ae71f19afa37c
5.4,S54_K200_KAPPA0.75_R7,4,200,7,0.75,2095,2095,common_replication_seed,instances/section_5_4/rep_07_base_K500.npz,"use scenarios 0:200; tau=clip(0.75*tau,0,0.5); psi=clip(0.75*psi,0,0.5)",,,,1,d97baa93de3043b7d829319d245ffdd6cde1a6ba91aae970862ae71f19afa37c
5.4,S54_K200_KAPPA1_R7,4,200,7,1,2095,2095,common_replication_seed,instances/section_5_4/rep_07_base_K500.npz,"use scenarios 0:200; tau=clip(1*tau,0,0.5); psi=clip(1*psi,0,0.5)",,,,1,d97baa93de3043b7d829319d245ffdd6cde1a6ba91aae970862ae71f19afa37c
5.4,S54_K200_KAPPA1.5_R7,4,200,7,1.5,2095,2095,common_replication_seed,instances/section_5_4/rep_07_base_K500.npz,"use scenarios 0:200; tau=clip(1.5*tau,0,0.5); psi=clip(1.5*psi,0,0.5)",,,,1,d97baa93de3043b7d829319d245ffdd6cde1a6ba91aae970862ae71f19afa37c
5.4,S54_K200_KAPPA2_R7,4,200,7,2,2095,2095,common_replication_seed,instances/section_5_4/rep_07_base_K500.npz,"use scenarios 0:200; tau=clip(2*tau,0,0.5); psi=clip(2*psi,0,0.5)",,,,1,d97baa93de3043b7d829319d245ffdd6cde1a6ba91aae970862ae71f19afa37c
5.4,S54_K500_KAPPA0_R7,4,500,7,0,2095,2095,common_replication_seed,instances/section_5_4/rep_07_base_K500.npz,"use scenarios 0:500; tau=clip(0*tau,0,0.5); psi=clip(0*psi,0,0.5)",,,,1,d97baa93de3043b7d829319d245ffdd6cde1a6ba91aae970862ae71f19afa37c
5.4,S54_K500_KAPPA0.25_R7,4,500,7,0.25,2095,2095,common_replication_seed,instances/section_5_4/rep_07_base_K500.npz,"use scenarios 0:500; tau=clip(0.25*tau,0,0.5); psi=clip(0.25*psi,0,0.5)",,,,1,d97baa93de3043b7d829319d245ffdd6cde1a6ba91aae970862ae71f19afa37c
5.4,S54_K500_KAPPA0.75_R7,4,500,7,0.75,2095,2095,common_replication_seed,instances/section_5_4/rep_07_base_K500.npz,"use scenarios 0:500; tau=clip(0.75*tau,0,0.5); psi=clip(0.75*psi,0,0.5)",,,,1,d97baa93de3043b7d829319d245ffdd6cde1a6ba91aae970862ae71f19afa37c
5.4,S54_K500_KAPPA1_R7,4,500,7,1,2095,2095,common_replication_seed,instances/section_5_4/rep_07_base_K500.npz,"use scenarios 0:500; tau=clip(1*tau,0,0.5); psi=clip(1*psi,0,0.5)",,,,1,d97baa93de3043b7d829319d245ffdd6cde1a6ba91aae970862ae71f19afa37c
5.4,S54_K500_KAPPA1.5_R7,4,500,7,1.5,2095,2095,common_replication_seed,instances/section_5_4/rep_07_base_K500.npz,"use scenarios 0:500; tau=clip(1.5*tau,0,0.5); psi=clip(1.5*psi,0,0.5)",,,,1,d97baa93de3043b7d829319d245ffdd6cde1a6ba91aae970862ae71f19afa37c
5.4,S54_K500_KAPPA2_R7,4,500,7,2,2095,2095,common_replication_seed,instances/section_5_4/rep_07_base_K500.npz,"use scenarios 0:500; tau=clip(2*tau,0,0.5); psi=clip(2*psi,0,0.5)",,,,1,d97baa93de3043b7d829319d245ffdd6cde1a6ba91aae970862ae71f19afa37c
5.4,S54_K50_KAPPA0_R8,4,50,8,0,2105,2105,common_replication_seed,instances/section_5_4/rep_08_base_K500.npz,"use scenarios 0:50; tau=clip(0*tau,0,0.5); psi=clip(0*psi,0,0.5)",,,,1,e3ad22c1394f27959dc3e306d5b626e227a23fbc6ead5f233e97451c121858b7
5.4,S54_K50_KAPPA0.25_R8,4,50,8,0.25,2105,2105,common_replication_seed,instances/section_5_4/rep_08_base_K500.npz,"use scenarios 0:50; tau=clip(0.25*tau,0,0.5); psi=clip(0.25*psi,0,0.5)",,,,1,e3ad22c1394f27959dc3e306d5b626e227a23fbc6ead5f233e97451c121858b7
5.4,S54_K50_KAPPA0.75_R8,4,50,8,0.75,2105,2105,common_replication_seed,instances/section_5_4/rep_08_base_K500.npz,"use scenarios 0:50; tau=clip(0.75*tau,0,0.5); psi=clip(0.75*psi,0,0.5)",,,,1,e3ad22c1394f27959dc3e306d5b626e227a23fbc6ead5f233e97451c121858b7
5.4,S54_K50_KAPPA1_R8,4,50,8,1,2105,2105,common_replication_seed,instances/section_5_4/rep_08_base_K500.npz,"use scenarios 0:50; tau=clip(1*tau,0,0.5); psi=clip(1*psi,0,0.5)",,,,1,e3ad22c1394f27959dc3e306d5b626e227a23fbc6ead5f233e97451c121858b7
5.4,S54_K50_KAPPA1.5_R8,4,50,8,1.5,2105,2105,common_replication_seed,instances/section_5_4/rep_08_base_K500.npz,"use scenarios 0:50; tau=clip(1.5*tau,0,0.5); psi=clip(1.5*psi,0,0.5)",,,,1,e3ad22c1394f27959dc3e306d5b626e227a23fbc6ead5f233e97451c121858b7
5.4,S54_K50_KAPPA2_R8,4,50,8,2,2105,2105,common_replication_seed,instances/section_5_4/rep_08_base_K500.npz,"use scenarios 0:50; tau=clip(2*tau,0,0.5); psi=clip(2*psi,0,0.5)",,,,1,e3ad22c1394f27959dc3e306d5b626e227a23fbc6ead5f233e97451c121858b7
5.4,S54_K200_KAPPA0_R8,4,200,8,0,2105,2105,common_replication_seed,instances/section_5_4/rep_08_base_K500.npz,"use scenarios 0:200; tau=clip(0*tau,0,0.5); psi=clip(0*psi,0,0.5)",,,,1,e3ad22c1394f27959dc3e306d5b626e227a23fbc6ead5f233e97451c121858b7
5.4,S54_K200_KAPPA0.25_R8,4,200,8,0.25,2105,2105,common_replication_seed,instances/section_5_4/rep_08_base_K500.npz,"use scenarios 0:200; tau=clip(0.25*tau,0,0.5); psi=clip(0.25*psi,0,0.5)",,,,1,e3ad22c1394f27959dc3e306d5b626e227a23fbc6ead5f233e97451c121858b7
5.4,S54_K200_KAPPA0.75_R8,4,200,8,0.75,2105,2105,common_replication_seed,instances/section_5_4/rep_08_base_K500.npz,"use scenarios 0:200; tau=clip(0.75*tau,0,0.5); psi=clip(0.75*psi,0,0.5)",,,,1,e3ad22c1394f27959dc3e306d5b626e227a23fbc6ead5f233e97451c121858b7
5.4,S54_K200_KAPPA1_R8,4,200,8,1,2105,2105,common_replication_seed,instances/section_5_4/rep_08_base_K500.npz,"use scenarios 0:200; tau=clip(1*tau,0,0.5); psi=clip(1*psi,0,0.5)",,,,1,e3ad22c1394f27959dc3e306d5b626e227a23fbc6ead5f233e97451c121858b7
5.4,S54_K200_KAPPA1.5_R8,4,200,8,1.5,2105,2105,common_replication_seed,instances/section_5_4/rep_08_base_K500.npz,"use scenarios 0:200; tau=clip(1.5*tau,0,0.5); psi=clip(1.5*psi,0,0.5)",,,,1,e3ad22c1394f27959dc3e306d5b626e227a23fbc6ead5f233e97451c121858b7
5.4,S54_K200_KAPPA2_R8,4,200,8,2,2105,2105,common_replication_seed,instances/section_5_4/rep_08_base_K500.npz,"use scenarios 0:200; tau=clip(2*tau,0,0.5); psi=clip(2*psi,0,0.5)",,,,1,e3ad22c1394f27959dc3e306d5b626e227a23fbc6ead5f233e97451c121858b7
5.4,S54_K500_KAPPA0_R8,4,500,8,0,2105,2105,common_replication_seed,instances/section_5_4/rep_08_base_K500.npz,"use scenarios 0:500; tau=clip(0*tau,0,0.5); psi=clip(0*psi,0,0.5)",,,,1,e3ad22c1394f27959dc3e306d5b626e227a23fbc6ead5f233e97451c121858b7
5.4,S54_K500_KAPPA0.25_R8,4,500,8,0.25,2105,2105,common_replication_seed,instances/section_5_4/rep_08_base_K500.npz,"use scenarios 0:500; tau=clip(0.25*tau,0,0.5); psi=clip(0.25*psi,0,0.5)",,,,1,e3ad22c1394f27959dc3e306d5b626e227a23fbc6ead5f233e97451c121858b7
5.4,S54_K500_KAPPA0.75_R8,4,500,8,0.75,2105,2105,common_replication_seed,instances/section_5_4/rep_08_base_K500.npz,"use scenarios 0:500; tau=clip(0.75*tau,0,0.5); psi=clip(0.75*psi,0,0.5)",,,,1,e3ad22c1394f27959dc3e306d5b626e227a23fbc6ead5f233e97451c121858b7
5.4,S54_K500_KAPPA1_R8,4,500,8,1,2105,2105,common_replication_seed,instances/section_5_4/rep_08_base_K500.npz,"use scenarios 0:500; tau=clip(1*tau,0,0.5); psi=clip(1*psi,0,0.5)",,,,1,e3ad22c1394f27959dc3e306d5b626e227a23fbc6ead5f233e97451c121858b7
5.4,S54_K500_KAPPA1.5_R8,4,500,8,1.5,2105,2105,common_replication_seed,instances/section_5_4/rep_08_base_K500.npz,"use scenarios 0:500; tau=clip(1.5*tau,0,0.5); psi=clip(1.5*psi,0,0.5)",,,,1,e3ad22c1394f27959dc3e306d5b626e227a23fbc6ead5f233e97451c121858b7
5.4,S54_K500_KAPPA2_R8,4,500,8,2,2105,2105,common_replication_seed,instances/section_5_4/rep_08_base_K500.npz,"use scenarios 0:500; tau=clip(2*tau,0,0.5); psi=clip(2*psi,0,0.5)",,,,1,e3ad22c1394f27959dc3e306d5b626e227a23fbc6ead5f233e97451c121858b7
5.4,S54_K50_KAPPA0_R9,4,50,9,0,2115,2115,common_replication_seed,instances/section_5_4/rep_09_base_K500.npz,"use scenarios 0:50; tau=clip(0*tau,0,0.5); psi=clip(0*psi,0,0.5)",,,,1,0ac63ecdbc353c793cb3f13abe6061cd1a692abd5f234cb9cd0f41c3bb82bf6e
5.4,S54_K50_KAPPA0.25_R9,4,50,9,0.25,2115,2115,common_replication_seed,instances/section_5_4/rep_09_base_K500.npz,"use scenarios 0:50; tau=clip(0.25*tau,0,0.5); psi=clip(0.25*psi,0,0.5)",,,,1,0ac63ecdbc353c793cb3f13abe6061cd1a692abd5f234cb9cd0f41c3bb82bf6e
5.4,S54_K50_KAPPA0.75_R9,4,50,9,0.75,2115,2115,common_replication_seed,instances/section_5_4/rep_09_base_K500.npz,"use scenarios 0:50; tau=clip(0.75*tau,0,0.5); psi=clip(0.75*psi,0,0.5)",,,,1,0ac63ecdbc353c793cb3f13abe6061cd1a692abd5f234cb9cd0f41c3bb82bf6e
5.4,S54_K50_KAPPA1_R9,4,50,9,1,2115,2115,common_replication_seed,instances/section_5_4/rep_09_base_K500.npz,"use scenarios 0:50; tau=clip(1*tau,0,0.5); psi=clip(1*psi,0,0.5)",,,,1,0ac63ecdbc353c793cb3f13abe6061cd1a692abd5f234cb9cd0f41c3bb82bf6e
5.4,S54_K50_KAPPA1.5_R9,4,50,9,1.5,2115,2115,common_replication_seed,instances/section_5_4/rep_09_base_K500.npz,"use scenarios 0:50; tau=clip(1.5*tau,0,0.5); psi=clip(1.5*psi,0,0.5)",,,,1,0ac63ecdbc353c793cb3f13abe6061cd1a692abd5f234cb9cd0f41c3bb82bf6e
5.4,S54_K50_KAPPA2_R9,4,50,9,2,2115,2115,common_replication_seed,instances/section_5_4/rep_09_base_K500.npz,"use scenarios 0:50; tau=clip(2*tau,0,0.5); psi=clip(2*psi,0,0.5)",,,,1,0ac63ecdbc353c793cb3f13abe6061cd1a692abd5f234cb9cd0f41c3bb82bf6e
5.4,S54_K200_KAPPA0_R9,4,200,9,0,2115,2115,common_replication_seed,instances/section_5_4/rep_09_base_K500.npz,"use scenarios 0:200; tau=clip(0*tau,0,0.5); psi=clip(0*psi,0,0.5)",,,,1,0ac63ecdbc353c793cb3f13abe6061cd1a692abd5f234cb9cd0f41c3bb82bf6e
5.4,S54_K200_KAPPA0.25_R9,4,200,9,0.25,2115,2115,common_replication_seed,instances/section_5_4/rep_09_base_K500.npz,"use scenarios 0:200; tau=clip(0.25*tau,0,0.5); psi=clip(0.25*psi,0,0.5)",,,,1,0ac63ecdbc353c793cb3f13abe6061cd1a692abd5f234cb9cd0f41c3bb82bf6e
5.4,S54_K200_KAPPA0.75_R9,4,200,9,0.75,2115,2115,common_replication_seed,instances/section_5_4/rep_09_base_K500.npz,"use scenarios 0:200; tau=clip(0.75*tau,0,0.5); psi=clip(0.75*psi,0,0.5)",,,,1,0ac63ecdbc353c793cb3f13abe6061cd1a692abd5f234cb9cd0f41c3bb82bf6e
5.4,S54_K200_KAPPA1_R9,4,200,9,1,2115,2115,common_replication_seed,instances/section_5_4/rep_09_base_K500.npz,"use scenarios 0:200; tau=clip(1*tau,0,0.5); psi=clip(1*psi,0,0.5)",,,,1,0ac63ecdbc353c793cb3f13abe6061cd1a692abd5f234cb9cd0f41c3bb82bf6e
5.4,S54_K200_KAPPA1.5_R9,4,200,9,1.5,2115,2115,common_replication_seed,instances/section_5_4/rep_09_base_K500.npz,"use scenarios 0:200; tau=clip(1.5*tau,0,0.5); psi=clip(1.5*psi,0,0.5)",,,,1,0ac63ecdbc353c793cb3f13abe6061cd1a692abd5f234cb9cd0f41c3bb82bf6e
5.4,S54_K200_KAPPA2_R9,4,200,9,2,2115,2115,common_replication_seed,instances/section_5_4/rep_09_base_K500.npz,"use scenarios 0:200; tau=clip(2*tau,0,0.5); psi=clip(2*psi,0,0.5)",,,,1,0ac63ecdbc353c793cb3f13abe6061cd1a692abd5f234cb9cd0f41c3bb82bf6e
5.4,S54_K500_KAPPA0_R9,4,500,9,0,2115,2115,common_replication_seed,instances/section_5_4/rep_09_base_K500.npz,"use scenarios 0:500; tau=clip(0*tau,0,0.5); psi=clip(0*psi,0,0.5)",,,,1,0ac63ecdbc353c793cb3f13abe6061cd1a692abd5f234cb9cd0f41c3bb82bf6e
5.4,S54_K500_KAPPA0.25_R9,4,500,9,0.25,2115,2115,common_replication_seed,instances/section_5_4/rep_09_base_K500.npz,"use scenarios 0:500; tau=clip(0.25*tau,0,0.5); psi=clip(0.25*psi,0,0.5)",,,,1,0ac63ecdbc353c793cb3f13abe6061cd1a692abd5f234cb9cd0f41c3bb82bf6e
5.4,S54_K500_KAPPA0.75_R9,4,500,9,0.75,2115,2115,common_replication_seed,instances/section_5_4/rep_09_base_K500.npz,"use scenarios 0:500; tau=clip(0.75*tau,0,0.5); psi=clip(0.75*psi,0,0.5)",,,,1,0ac63ecdbc353c793cb3f13abe6061cd1a692abd5f234cb9cd0f41c3bb82bf6e
5.4,S54_K500_KAPPA1_R9,4,500,9,1,2115,2115,common_replication_seed,instances/section_5_4/rep_09_base_K500.npz,"use scenarios 0:500; tau=clip(1*tau,0,0.5); psi=clip(1*psi,0,0.5)",,,,1,0ac63ecdbc353c793cb3f13abe6061cd1a692abd5f234cb9cd0f41c3bb82bf6e
5.4,S54_K500_KAPPA1.5_R9,4,500,9,1.5,2115,2115,common_replication_seed,instances/section_5_4/rep_09_base_K500.npz,"use scenarios 0:500; tau=clip(1.5*tau,0,0.5); psi=clip(1.5*psi,0,0.5)",,,,1,0ac63ecdbc353c793cb3f13abe6061cd1a692abd5f234cb9cd0f41c3bb82bf6e
5.4,S54_K500_KAPPA2_R9,4,500,9,2,2115,2115,common_replication_seed,instances/section_5_4/rep_09_base_K500.npz,"use scenarios 0:500; tau=clip(2*tau,0,0.5); psi=clip(2*psi,0,0.5)",,,,1,0ac63ecdbc353c793cb3f13abe6061cd1a692abd5f234cb9cd0f41c3bb82bf6e
